"Bob,Express","El,Rio","Fury","Indiana,River","Mount,Mara,VR","Naga,Bay","Oki,Doki","Revolution","Speedy,Bob","The,Dreamcatcher","Typhoon","Wildwaterbaan",time
5,15,20,25,0,15,20,15,35,20,10,5,20221022 141001
5,15,20,25,0,15,20,15,35,20,10,5,20221022 142001
5,5,20,25,0,15,20,15,35,20,10,5,20221022 143001
5,5,20,25,0,15,20,15,35,20,10,5,20221022 144001
5,5,20,25,0,15,20,15,35,20,10,5,20221022 145001
20,5,30,25,0,10,25,15,20,15,20,25,20221022 150001
20,5,30,25,0,10,25,15,20,15,20,25,20221022 151001
20,5,30,35,0,10,25,15,20,15,20,25,20221022 152001
20,5,30,35,0,10,25,15,20,15,20,25,20221022 153001
20,5,30,35,0,10,25,15,20,15,20,25,20221022 154001
20,10,40,35,0,10,10,15,5,15,20,25,20221022 155001
20,10,40,35,0,10,10,15,5,15,20,25,20221022 160001
20,10,40,35,0,10,10,15,5,15,20,25,20221022 161001
20,10,40,35,0,10,10,15,5,15,20,25,20221022 162001
20,10,40,35,0,10,10,15,5,15,20,25,20221022 163001
20,10,35,20,0,10,10,15,5,15,30,25,20221022 164001
20,10,35,20,0,10,10,15,5,15,30,25,20221022 165001
20,10,35,20,0,10,10,15,5,15,30,25,20221022 170001
0,0,0,0,0,0,0,0,0,0,0,0,20221022 171001
0,0,0,0,0,0,0,0,0,0,0,0,20221022 172001
0,0,0,0,0,0,0,0,0,0,0,0,20221022 173002
0,0,0,0,0,0,0,0,0,0,0,0,20221022 174001
0,0,0,0,0,0,0,0,0,0,0,0,20221022 175001
0,0,0,0,0,0,0,0,0,0,0,0,20221022 180001
0,0,0,0,0,0,0,0,0,0,0,0,20221022 181001
0,0,0,0,0,0,0,0,0,0,0,0,20221022 182001
0,0,0,0,0,0,0,0,0,0,0,0,20221022 183001
0,0,0,0,0,0,0,0,0,0,0,0,20221022 184001
0,0,0,0,0,0,0,0,0,0,0,0,20221022 185001
0,0,0,0,0,0,0,0,0,0,0,0,20221022 190001
0,0,0,0,0,0,0,0,0,0,0,0,20221022 191001
0,0,0,0,0,0,0,0,0,0,0,0,20221022 192001
0,0,0,0,0,0,0,0,0,0,0,0,20221022 193001
0,0,0,0,0,0,0,0,0,0,0,0,20221022 194001
0,0,0,0,0,0,0,0,0,0,0,0,20221022 195001
0,0,0,0,0,0,0,0,0,0,0,0,20221022 200001
0,0,0,0,0,0,0,0,0,0,0,0,20221022 201001
0,0,0,0,0,0,0,0,0,0,0,0,20221022 202001
0,0,0,0,0,0,0,0,0,0,0,0,20221022 203001
0,0,0,0,0,0,0,0,0,0,0,0,20221022 204001
0,0,0,0,0,0,0,0,0,0,0,0,20221022 205001
0,0,0,0,0,0,0,0,0,0,0,0,20221022 210001
0,0,0,0,0,0,0,0,0,0,0,0,20221022 211001
0,0,0,0,0,0,0,0,0,0,0,0,20221022 212001
0,0,0,0,0,0,0,0,0,0,0,0,20221022 213001
0,0,0,0,0,0,0,0,0,0,0,0,20221022 214001
0,0,0,0,0,0,0,0,0,0,0,0,20221022 215001
0,0,0,0,0,0,0,0,0,0,0,0,20221022 220001
0,0,0,0,0,0,0,0,0,0,0,0,20221022 221001
0,0,0,0,0,0,0,0,0,0,0,0,20221022 222001
0,0,0,0,0,0,0,0,0,0,0,0,20221022 223001
0,0,0,0,0,0,0,0,0,0,0,0,20221022 224001
0,0,0,0,0,0,0,0,0,0,0,0,20221022 225001
0,0,0,0,0,0,0,0,0,0,0,0,20221022 230001
0,0,0,0,0,0,0,0,0,0,0,0,20221022 231001
0,0,0,0,0,0,0,0,0,0,0,0,20221022 232001
0,0,0,0,0,0,0,0,0,0,0,0,20221022 233001
0,0,0,0,0,0,0,0,0,0,0,0,20221022 234001
0,0,0,0,0,0,0,0,0,0,0,0,20221022 235001
0,0,0,0,0,0,0,0,0,0,0,0,20221023 000001
0,0,0,0,0,0,0,0,0,0,0,0,20221023 001001
0,0,0,0,0,0,0,0,0,0,0,0,20221023 002001
0,0,0,0,0,0,0,0,0,0,0,0,20221023 003001
0,0,0,0,0,0,0,0,0,0,0,0,20221023 004001
0,0,0,0,0,0,0,0,0,0,0,0,20221023 005001
0,0,0,0,0,0,0,0,0,0,0,0,20221023 010002
0,0,0,0,0,0,0,0,0,0,0,0,20221023 011001
0,0,0,0,0,0,0,0,0,0,0,0,20221023 012001
0,0,0,0,0,0,0,0,0,0,0,0,20221023 013001
0,0,0,0,0,0,0,0,0,0,0,0,20221023 014001
0,0,0,0,0,0,0,0,0,0,0,0,20221023 015001
0,0,0,0,0,0,0,0,0,0,0,0,20221023 020001
0,0,0,0,0,0,0,0,0,0,0,0,20221023 021001
0,0,0,0,0,0,0,0,0,0,0,0,20221023 022001
0,0,0,0,0,0,0,0,0,0,0,0,20221023 023001
0,0,0,0,0,0,0,0,0,0,0,0,20221023 024001
0,0,0,0,0,0,0,0,0,0,0,0,20221023 025001
0,0,0,0,0,0,0,0,0,0,0,0,20221023 030001
0,0,0,0,0,0,0,0,0,0,0,0,20221023 031001
0,0,0,0,0,0,0,0,0,0,0,0,20221023 032001
0,0,0,0,0,0,0,0,0,0,0,0,20221023 033001
0,0,0,0,0,0,0,0,0,0,0,0,20221023 034001
0,0,0,0,0,0,0,0,0,0,0,0,20221023 035001
0,0,0,0,0,0,0,0,0,0,0,0,20221023 040001
0,0,0,0,0,0,0,0,0,0,0,0,20221023 041001
0,0,0,0,0,0,0,0,0,0,0,0,20221023 042001
0,0,0,0,0,0,0,0,0,0,0,0,20221023 043001
0,0,0,0,0,0,0,0,0,0,0,0,20221023 044001
0,0,0,0,0,0,0,0,0,0,0,0,20221023 045001
0,0,0,0,0,0,0,0,0,0,0,0,20221023 050001
0,0,0,0,0,0,0,0,0,0,0,0,20221023 051001
0,0,0,0,0,0,0,0,0,0,0,0,20221023 052001
0,0,0,0,0,0,0,0,0,0,0,0,20221023 053001
0,0,0,0,0,0,0,0,0,0,0,0,20221023 054001
0,0,0,0,0,0,0,0,0,0,0,0,20221023 055001
0,0,0,0,0,0,0,0,0,0,0,0,20221023 060001
0,0,0,0,0,0,0,0,0,0,0,0,20221023 061001
0,0,0,0,0,0,0,0,0,0,0,0,20221023 062001
0,0,0,0,0,0,0,0,0,0,0,0,20221023 063001
0,0,0,0,0,0,0,0,0,0,0,0,20221023 064001
0,0,0,0,0,0,0,0,0,0,0,0,20221023 065001
0,0,0,0,0,0,0,0,0,0,0,0,20221023 070001
0,0,0,0,0,0,0,0,0,0,0,0,20221023 071001
0,0,0,0,0,0,0,0,0,0,0,0,20221023 072001
0,0,0,0,0,0,0,0,0,0,0,0,20221023 073001
0,0,0,0,0,0,0,0,0,0,0,0,20221023 074001
0,0,0,0,0,0,0,0,0,0,0,0,20221023 075002
0,0,0,0,0,0,0,0,0,0,0,0,20221023 080001
0,0,0,0,0,0,0,0,0,0,0,0,20221023 081001
0,0,0,0,0,0,0,0,0,0,0,0,20221023 082001
0,0,0,0,0,0,0,0,0,0,0,0,20221023 083001
0,0,0,0,0,0,0,0,0,0,0,0,20221023 084001
0,0,0,0,0,0,0,0,0,0,0,0,20221023 085001
0,0,0,0,0,0,0,0,0,0,0,0,20221023 090001
0,0,0,0,0,0,0,0,0,0,0,0,20221023 091001
0,0,0,0,0,0,0,0,0,0,0,0,20221023 092001
0,0,0,0,0,0,0,0,0,0,0,0,20221023 093001
0,0,0,0,0,0,0,0,0,0,0,0,20221023 094001
0,0,0,0,0,0,0,0,0,0,0,0,20221023 095001
0,0,0,0,0,0,0,0,0,0,0,0,20221023 100001
0,0,0,0,0,0,0,0,0,0,0,0,20221023 101001
0,0,0,0,0,0,0,0,0,0,0,0,20221023 102001
0,0,0,0,0,0,0,0,0,0,0,0,20221023 103001
0,0,0,0,0,0,0,0,0,0,0,0,20221023 104001
0,0,0,0,0,0,0,0,0,0,0,0,20221023 105001
0,0,0,0,0,0,0,0,0,0,0,0,20221023 110002
0,0,0,0,0,0,0,0,0,0,0,0,20221023 111001
0,0,0,0,0,0,0,0,0,0,0,0,20221023 112001
0,0,0,0,0,0,0,0,0,0,0,0,20221023 113001
0,0,0,0,0,0,0,0,0,0,0,0,20221023 114001
0,0,0,0,0,0,0,0,0,0,0,0,20221023 115001
0,0,0,0,0,0,0,0,0,0,0,0,20221023 120001
0,0,0,0,0,0,0,0,0,0,0,0,20221023 121001
0,0,0,0,0,0,0,0,0,0,0,0,20221023 122001
0,0,0,0,0,0,0,0,0,0,0,0,20221023 123001
15,15,20,5,0,25,25,30,15,15,40,5,20221023 124001
15,15,20,5,0,25,25,30,15,15,40,5,20221023 125001
15,15,20,5,0,25,25,30,15,15,40,5,20221023 130001
15,15,20,5,0,25,25,30,15,15,40,5,20221023 131001
5,15,20,5,0,25,25,30,15,15,40,5,20221023 132001
5,15,20,5,0,10,10,30,20,25,5,5,20221023 133001
5,15,20,5,0,10,10,30,20,25,5,5,20221023 134001
5,15,20,5,0,10,10,30,20,25,5,5,20221023 135001
5,15,20,5,0,10,10,30,20,25,5,5,20221023 140001
5,20,20,5,0,10,15,30,20,25,5,15,20221023 141001
5,20,20,5,0,10,15,10,25,20,5,10,20221023 142001
5,20,0,5,0,10,15,10,25,20,5,10,20221023 143001
5,20,30,5,0,10,15,10,25,20,5,10,20221023 144001
5,20,30,5,0,10,15,10,25,20,5,10,20221023 145001
5,10,30,25,0,20,10,15,25,20,5,10,20221023 150001
5,10,30,25,0,20,10,15,10,20,20,15,20221023 151001
5,10,30,25,0,20,10,15,10,20,20,15,20221023 152001
5,10,45,40,0,20,10,15,10,20,20,15,20221023 153001
5,10,45,40,0,25,10,5,5,5,30,20,20221023 154001
5,10,40,40,0,25,10,5,5,5,30,20,20221023 155001
5,10,40,40,0,25,10,5,5,5,30,20,20221023 160001
5,10,40,40,0,25,10,5,5,5,30,20,20221023 161001
5,10,40,40,0,25,10,5,5,5,30,20,20221023 162001
10,5,40,40,0,25,10,5,5,5,35,30,20221023 163001
10,5,40,40,0,25,10,5,5,5,35,30,20221023 164002
10,5,30,40,0,25,10,5,5,5,35,30,20221023 165001
10,5,30,40,0,25,10,5,5,5,35,30,20221023 170001
0,0,0,0,0,0,0,0,0,0,0,0,20221023 171001
0,0,0,0,0,0,0,0,0,0,0,0,20221023 172001
0,0,0,0,0,0,0,0,0,0,0,0,20221023 173001
0,0,0,0,0,0,0,0,0,0,0,0,20221023 174001
0,0,0,0,0,0,0,0,0,0,0,0,20221023 175001
0,0,0,0,0,0,0,0,0,0,0,0,20221023 180001
0,0,0,0,0,0,0,0,0,0,0,0,20221023 181001
0,0,0,0,0,0,0,0,0,0,0,0,20221023 182001
0,0,0,0,0,0,0,0,0,0,0,0,20221023 183001
0,0,0,0,0,0,0,0,0,0,0,0,20221023 184001
0,0,0,0,0,0,0,0,0,0,0,0,20221023 185001
0,0,0,0,0,0,0,0,0,0,0,0,20221023 190001
0,0,0,0,0,0,0,0,0,0,0,0,20221023 191001
0,0,0,0,0,0,0,0,0,0,0,0,20221023 192001
0,0,0,0,0,0,0,0,0,0,0,0,20221023 193001
0,0,0,0,0,0,0,0,0,0,0,0,20221023 194001
0,0,0,0,0,0,0,0,0,0,0,0,20221023 195001
0,0,0,0,0,0,0,0,0,0,0,0,20221023 200001
0,0,0,0,0,0,0,0,0,0,0,0,20221023 201002
0,0,0,0,0,0,0,0,0,0,0,0,20221023 202001
0,0,0,0,0,0,0,0,0,0,0,0,20221023 203001
0,0,0,0,0,0,0,0,0,0,0,0,20221023 204001
0,0,0,0,0,0,0,0,0,0,0,0,20221023 205001
0,0,0,0,0,0,0,0,0,0,0,0,20221023 210001
0,0,0,0,0,0,0,0,0,0,0,0,20221023 211001
0,0,0,0,0,0,0,0,0,0,0,0,20221023 212001
0,0,0,0,0,0,0,0,0,0,0,0,20221023 213001
0,0,0,0,0,0,0,0,0,0,0,0,20221023 214001
0,0,0,0,0,0,0,0,0,0,0,0,20221023 215001
0,0,0,0,0,0,0,0,0,0,0,0,20221023 220001
0,0,0,0,0,0,0,0,0,0,0,0,20221023 221001
0,0,0,0,0,0,0,0,0,0,0,0,20221023 222001
0,0,0,0,0,0,0,0,0,0,0,0,20221023 223002
0,0,0,0,0,0,0,0,0,0,0,0,20221023 224001
0,0,0,0,0,0,0,0,0,0,0,0,20221023 225001
0,0,0,0,0,0,0,0,0,0,0,0,20221023 230001
0,0,0,0,0,0,0,0,0,0,0,0,20221023 231001
0,0,0,0,0,0,0,0,0,0,0,0,20221023 232001
0,0,0,0,0,0,0,0,0,0,0,0,20221023 233001
0,0,0,0,0,0,0,0,0,0,0,0,20221023 234001
0,0,0,0,0,0,0,0,0,0,0,0,20221023 235001
0,0,0,0,0,0,0,0,0,0,0,0,20221024 000001
0,0,0,0,0,0,0,0,0,0,0,0,20221024 001001
0,0,0,0,0,0,0,0,0,0,0,0,20221024 002001
0,0,0,0,0,0,0,0,0,0,0,0,20221024 003001
0,0,0,0,0,0,0,0,0,0,0,0,20221024 004001
0,0,0,0,0,0,0,0,0,0,0,0,20221024 005001
0,0,0,0,0,0,0,0,0,0,0,0,20221024 010001
0,0,0,0,0,0,0,0,0,0,0,0,20221024 011001
0,0,0,0,0,0,0,0,0,0,0,0,20221024 012001
0,0,0,0,0,0,0,0,0,0,0,0,20221024 013001
0,0,0,0,0,0,0,0,0,0,0,0,20221024 014001
0,0,0,0,0,0,0,0,0,0,0,0,20221024 015001
0,0,0,0,0,0,0,0,0,0,0,0,20221024 020001
0,0,0,0,0,0,0,0,0,0,0,0,20221024 021001
0,0,0,0,0,0,0,0,0,0,0,0,20221024 022001
0,0,0,0,0,0,0,0,0,0,0,0,20221024 023001
0,0,0,0,0,0,0,0,0,0,0,0,20221024 024001
0,0,0,0,0,0,0,0,0,0,0,0,20221024 025001
0,0,0,0,0,0,0,0,0,0,0,0,20221024 030001
0,0,0,0,0,0,0,0,0,0,0,0,20221024 031001
0,0,0,0,0,0,0,0,0,0,0,0,20221024 032001
0,0,0,0,0,0,0,0,0,0,0,0,20221024 033001
0,0,0,0,0,0,0,0,0,0,0,0,20221024 034001
0,0,0,0,0,0,0,0,0,0,0,0,20221024 035001
0,0,0,0,0,0,0,0,0,0,0,0,20221024 040001
0,0,0,0,0,0,0,0,0,0,0,0,20221024 041001
0,0,0,0,0,0,0,0,0,0,0,0,20221024 042001
0,0,0,0,0,0,0,0,0,0,0,0,20221024 043001
0,0,0,0,0,0,0,0,0,0,0,0,20221024 044001
0,0,0,0,0,0,0,0,0,0,0,0,20221024 045001
0,0,0,0,0,0,0,0,0,0,0,0,20221024 050001
0,0,0,0,0,0,0,0,0,0,0,0,20221024 051001
0,0,0,0,0,0,0,0,0,0,0,0,20221024 052001
0,0,0,0,0,0,0,0,0,0,0,0,20221024 053001
0,0,0,0,0,0,0,0,0,0,0,0,20221024 054001
0,0,0,0,0,0,0,0,0,0,0,0,20221024 055001
0,0,0,0,0,0,0,0,0,0,0,0,20221024 060001
0,0,0,0,0,0,0,0,0,0,0,0,20221024 061002
0,0,0,0,0,0,0,0,0,0,0,0,20221024 062001
0,0,0,0,0,0,0,0,0,0,0,0,20221024 063002
0,0,0,0,0,0,0,0,0,0,0,0,20221024 064001
0,0,0,0,0,0,0,0,0,0,0,0,20221024 065001
0,0,0,0,0,0,0,0,0,0,0,0,20221024 070001
0,0,0,0,0,0,0,0,0,0,0,0,20221024 071001
0,0,0,0,0,0,0,0,0,0,0,0,20221024 072001
0,0,0,0,0,0,0,0,0,0,0,0,20221024 073001
0,0,0,0,0,0,0,0,0,0,0,0,20221024 074001
0,0,0,0,0,0,0,0,0,0,0,0,20221024 075001
0,0,0,0,0,0,0,0,0,0,0,0,20221024 080001
0,0,0,0,0,0,0,0,0,0,0,0,20221024 081001
0,0,0,0,0,0,0,0,0,0,0,0,20221024 082001
0,0,0,0,0,0,0,0,0,0,0,0,20221024 083001
0,0,0,0,0,0,0,0,0,0,0,0,20221024 084001
0,0,0,0,0,0,0,0,0,0,0,0,20221024 085002
0,0,0,0,0,0,0,0,0,0,0,0,20221024 090001
0,0,0,0,0,0,0,0,0,0,0,0,20221024 091001
0,0,0,0,0,0,0,0,0,0,0,0,20221024 092001
0,0,0,0,0,0,0,0,0,0,0,0,20221024 093001
0,0,0,0,0,0,0,0,0,0,0,0,20221024 094001
0,0,0,0,0,0,0,0,0,0,0,0,20221024 095001
0,0,0,0,0,0,0,0,0,0,0,0,20221024 100001
0,0,0,0,0,0,0,0,0,0,0,0,20221024 101001
0,0,0,0,0,0,0,0,0,0,0,0,20221024 102002
0,0,0,0,0,0,0,0,0,0,0,0,20221024 103001
0,0,0,0,0,0,0,0,0,0,0,0,20221024 104001
0,0,0,0,0,0,0,0,0,0,0,0,20221024 105001
0,0,0,0,0,0,0,0,0,0,0,0,20221024 110001
0,0,0,0,0,0,0,0,0,0,0,0,20221024 111001
0,0,0,0,0,0,0,0,0,0,0,0,20221024 112001
0,0,0,0,0,0,0,0,0,0,0,0,20221024 113001
0,0,0,0,0,0,0,0,0,0,0,0,20221024 114001
0,0,0,0,0,0,0,0,0,0,0,0,20221024 115001
0,0,0,0,0,0,0,0,0,0,0,0,20221024 120001
0,0,0,0,0,0,0,0,0,0,0,0,20221024 121001
0,0,0,0,0,0,0,0,0,0,0,0,20221024 122001
0,0,0,0,0,0,0,0,0,0,0,0,20221024 123001
0,0,0,0,0,0,0,0,0,0,0,0,20221024 124001
0,0,0,0,0,0,0,0,0,0,0,0,20221024 125001
0,0,0,0,0,0,0,0,0,0,0,0,20221024 130001
0,0,0,0,0,0,0,0,0,0,0,0,20221024 131001
0,0,0,0,0,0,0,0,0,0,0,0,20221024 132001
0,0,0,0,0,0,0,0,0,0,0,0,20221024 133001
0,0,0,0,0,0,0,0,0,0,0,0,20221024 134001
0,0,0,0,0,0,0,0,0,0,0,0,20221024 135001
0,0,0,0,0,0,0,0,0,0,0,0,20221024 140001
0,0,0,0,0,0,0,0,0,0,0,0,20221024 141001
0,0,0,0,0,0,0,0,0,0,0,0,20221024 142001
0,0,0,0,0,0,0,0,0,0,0,0,20221024 143001
0,0,0,0,0,0,0,0,0,0,0,0,20221024 144001
0,0,0,0,0,0,0,0,0,0,0,0,20221024 145001
0,0,0,0,0,0,0,0,0,0,0,0,20221024 150001
0,0,0,0,0,0,0,0,0,0,0,0,20221024 151001
0,0,0,0,0,0,0,0,0,0,0,0,20221024 152001
0,0,0,0,0,0,0,0,0,0,0,0,20221024 153001
0,0,0,0,0,0,0,0,0,0,0,0,20221024 154001
0,0,0,0,0,0,0,0,0,0,0,0,20221024 155001
0,0,0,0,0,0,0,0,0,0,0,0,20221024 160001
0,0,0,0,0,0,0,0,0,0,0,0,20221024 161002
0,0,0,0,0,0,0,0,0,0,0,0,20221024 162001
0,0,0,0,0,0,0,0,0,0,0,0,20221024 163001
0,0,0,0,0,0,0,0,0,0,0,0,20221024 164001
0,0,0,0,0,0,0,0,0,0,0,0,20221024 165001
0,0,0,0,0,0,0,0,0,0,0,0,20221024 170001
0,0,0,0,0,0,0,0,0,0,0,0,20221024 171001
0,0,0,0,0,0,0,0,0,0,0,0,20221024 172001
0,0,0,0,0,0,0,0,0,0,0,0,20221024 173001
0,0,0,0,0,0,0,0,0,0,0,0,20221024 174001
0,0,0,0,0,0,0,0,0,0,0,0,20221024 175001
0,0,0,0,0,0,0,0,0,0,0,0,20221024 180001
0,0,0,0,0,0,0,0,0,0,0,0,20221024 181001
0,0,0,0,0,0,0,0,0,0,0,0,20221024 182001
0,0,0,0,0,0,0,0,0,0,0,0,20221024 183001
0,0,0,0,0,0,0,0,0,0,0,0,20221024 184001
0,0,0,0,0,0,0,0,0,0,0,0,20221024 185001
0,0,0,0,0,0,0,0,0,0,0,0,20221024 190001
0,0,0,0,0,0,0,0,0,0,0,0,20221024 191001
0,0,0,0,0,0,0,0,0,0,0,0,20221024 192001
0,0,0,0,0,0,0,0,0,0,0,0,20221024 193001
0,0,0,0,0,0,0,0,0,0,0,0,20221024 194001
0,0,0,0,0,0,0,0,0,0,0,0,20221024 195001
0,0,0,0,0,0,0,0,0,0,0,0,20221024 200001
0,0,0,0,0,0,0,0,0,0,0,0,20221024 201001
0,0,0,0,0,0,0,0,0,0,0,0,20221024 202001
0,0,0,0,0,0,0,0,0,0,0,0,20221024 203001
0,0,0,0,0,0,0,0,0,0,0,0,20221024 204001
0,0,0,0,0,0,0,0,0,0,0,0,20221024 205001
0,0,0,0,0,0,0,0,0,0,0,0,20221024 210001
0,0,0,0,0,0,0,0,0,0,0,0,20221024 211001
0,0,0,0,0,0,0,0,0,0,0,0,20221024 212001
0,0,0,0,0,0,0,0,0,0,0,0,20221024 213001
0,0,0,0,0,0,0,0,0,0,0,0,20221024 214001
0,0,0,0,0,0,0,0,0,0,0,0,20221024 215001
0,0,0,0,0,0,0,0,0,0,0,0,20221024 220001
0,0,0,0,0,0,0,0,0,0,0,0,20221024 221001
0,0,0,0,0,0,0,0,0,0,0,0,20221024 222001
0,0,0,0,0,0,0,0,0,0,0,0,20221024 223001
0,0,0,0,0,0,0,0,0,0,0,0,20221024 224001
0,0,0,0,0,0,0,0,0,0,0,0,20221024 225001
0,0,0,0,0,0,0,0,0,0,0,0,20221024 230001
0,0,0,0,0,0,0,0,0,0,0,0,20221024 231001
0,0,0,0,0,0,0,0,0,0,0,0,20221024 232001
0,0,0,0,0,0,0,0,0,0,0,0,20221024 233001
0,0,0,0,0,0,0,0,0,0,0,0,20221024 234001
0,0,0,0,0,0,0,0,0,0,0,0,20221024 235001
0,0,0,0,0,0,0,0,0,0,0,0,20221025 000001
0,0,0,0,0,0,0,0,0,0,0,0,20221025 001001
0,0,0,0,0,0,0,0,0,0,0,0,20221025 002001
0,0,0,0,0,0,0,0,0,0,0,0,20221025 003001
0,0,0,0,0,0,0,0,0,0,0,0,20221025 004001
0,0,0,0,0,0,0,0,0,0,0,0,20221025 005001
0,0,0,0,0,0,0,0,0,0,0,0,20221025 010001
0,0,0,0,0,0,0,0,0,0,0,0,20221025 011001
0,0,0,0,0,0,0,0,0,0,0,0,20221025 012001
0,0,0,0,0,0,0,0,0,0,0,0,20221025 013001
0,0,0,0,0,0,0,0,0,0,0,0,20221025 014001
0,0,0,0,0,0,0,0,0,0,0,0,20221025 015001
0,0,0,0,0,0,0,0,0,0,0,0,20221025 020001
0,0,0,0,0,0,0,0,0,0,0,0,20221025 021001
0,0,0,0,0,0,0,0,0,0,0,0,20221025 022001
0,0,0,0,0,0,0,0,0,0,0,0,20221025 023001
0,0,0,0,0,0,0,0,0,0,0,0,20221025 024001
0,0,0,0,0,0,0,0,0,0,0,0,20221025 025001
0,0,0,0,0,0,0,0,0,0,0,0,20221025 030001
0,0,0,0,0,0,0,0,0,0,0,0,20221025 031001
0,0,0,0,0,0,0,0,0,0,0,0,20221025 032001
0,0,0,0,0,0,0,0,0,0,0,0,20221025 033001
0,0,0,0,0,0,0,0,0,0,0,0,20221025 034001
0,0,0,0,0,0,0,0,0,0,0,0,20221025 035001
0,0,0,0,0,0,0,0,0,0,0,0,20221025 040001
0,0,0,0,0,0,0,0,0,0,0,0,20221025 041001
0,0,0,0,0,0,0,0,0,0,0,0,20221025 042001
0,0,0,0,0,0,0,0,0,0,0,0,20221025 043001
0,0,0,0,0,0,0,0,0,0,0,0,20221025 044001
0,0,0,0,0,0,0,0,0,0,0,0,20221025 045001
0,0,0,0,0,0,0,0,0,0,0,0,20221025 050001
0,0,0,0,0,0,0,0,0,0,0,0,20221025 051001
0,0,0,0,0,0,0,0,0,0,0,0,20221025 052001
0,0,0,0,0,0,0,0,0,0,0,0,20221025 053001
0,0,0,0,0,0,0,0,0,0,0,0,20221025 054001
0,0,0,0,0,0,0,0,0,0,0,0,20221025 055001
0,0,0,0,0,0,0,0,0,0,0,0,20221025 060001
0,0,0,0,0,0,0,0,0,0,0,0,20221025 061001
0,0,0,0,0,0,0,0,0,0,0,0,20221025 062001
0,0,0,0,0,0,0,0,0,0,0,0,20221025 063001
0,0,0,0,0,0,0,0,0,0,0,0,20221025 064001
0,0,0,0,0,0,0,0,0,0,0,0,20221025 065001
0,0,0,0,0,0,0,0,0,0,0,0,20221025 070001
0,0,0,0,0,0,0,0,0,0,0,0,20221025 071001
0,0,0,0,0,0,0,0,0,0,0,0,20221025 072001
0,0,0,0,0,0,0,0,0,0,0,0,20221025 073001
0,0,0,0,0,0,0,0,0,0,0,0,20221025 074001
0,0,0,0,0,0,0,0,0,0,0,0,20221025 075001
0,0,0,0,0,0,0,0,0,0,0,0,20221025 080001
0,0,0,0,0,0,0,0,0,0,0,0,20221025 081001
0,0,0,0,0,0,0,0,0,0,0,0,20221025 082001
0,0,0,0,0,0,0,0,0,0,0,0,20221025 083001
0,0,0,0,0,0,0,0,0,0,0,0,20221025 084001
0,0,0,0,0,0,0,0,0,0,0,0,20221025 085001
0,0,0,0,0,0,0,0,0,0,0,0,20221025 090001
0,0,0,0,0,0,0,0,0,0,0,0,20221025 091001
0,0,0,0,0,0,0,0,0,0,0,0,20221025 092001
0,0,0,0,0,0,0,0,0,0,0,0,20221025 093002
0,0,0,0,0,0,0,0,0,0,0,0,20221025 094001
0,0,0,0,0,0,0,0,0,0,0,0,20221025 095001
0,0,0,0,0,0,0,0,0,0,0,0,20221025 100002
0,0,0,0,0,0,0,0,0,0,0,0,20221025 101001
0,0,0,0,0,0,0,0,0,0,0,0,20221025 102002
0,0,0,0,0,0,0,0,0,0,0,0,20221025 103001
0,0,0,0,0,0,0,0,0,0,0,0,20221025 104001
0,0,0,0,0,0,0,0,0,0,0,0,20221025 105002
0,0,0,0,0,0,0,0,0,0,0,0,20221025 110001
0,0,0,0,0,0,0,0,0,0,0,0,20221025 111001
0,0,0,0,0,0,0,0,0,0,0,0,20221025 112001
0,0,0,0,0,0,0,0,0,0,0,0,20221025 113001
0,0,0,0,0,0,0,0,0,0,0,0,20221025 114001
0,0,0,0,0,0,0,0,0,0,0,0,20221025 115001
0,0,0,0,0,0,0,0,0,0,0,0,20221025 120001
0,0,0,0,0,0,0,0,0,0,0,0,20221025 121001
0,0,0,0,0,0,0,0,0,0,0,0,20221025 122001
0,0,0,0,0,0,0,0,0,0,0,0,20221025 123001
0,0,0,0,0,0,0,0,0,0,0,0,20221025 124001
0,0,0,0,0,0,0,0,0,0,0,0,20221025 125001
0,0,0,0,0,0,0,0,0,0,0,0,20221025 130001
0,0,0,0,0,0,0,0,0,0,0,0,20221025 131001
0,0,0,0,0,0,0,0,0,0,0,0,20221025 132001
0,0,0,0,0,0,0,0,0,0,0,0,20221025 133001
0,0,0,0,0,0,0,0,0,0,0,0,20221025 134001
0,0,0,0,0,0,0,0,0,0,0,0,20221025 135001
0,0,0,0,0,0,0,0,0,0,0,0,20221025 140001
0,0,0,0,0,0,0,0,0,0,0,0,20221025 141001
0,0,0,0,0,0,0,0,0,0,0,0,20221025 142001
0,0,0,0,0,0,0,0,0,0,0,0,20221025 143001
0,0,0,0,0,0,0,0,0,0,0,0,20221025 144001
0,0,0,0,0,0,0,0,0,0,0,0,20221025 145001
0,0,0,0,0,0,0,0,0,0,0,0,20221025 150001
0,0,0,0,0,0,0,0,0,0,0,0,20221025 151001
0,0,0,0,0,0,0,0,0,0,0,0,20221025 152001
0,0,0,0,0,0,0,0,0,0,0,0,20221025 153001
0,0,0,0,0,0,0,0,0,0,0,0,20221025 154001
0,0,0,0,0,0,0,0,0,0,0,0,20221025 155001
0,0,0,0,0,0,0,0,0,0,0,0,20221025 160001
0,0,0,0,0,0,0,0,0,0,0,0,20221025 161001
0,0,0,0,0,0,0,0,0,0,0,0,20221025 162001
0,0,0,0,0,0,0,0,0,0,0,0,20221025 163001
0,0,0,0,0,0,0,0,0,0,0,0,20221025 164001
0,0,0,0,0,0,0,0,0,0,0,0,20221025 165001
0,0,0,0,0,0,0,0,0,0,0,0,20221025 170001
0,0,0,0,0,0,0,0,0,0,0,0,20221025 171001
0,0,0,0,0,0,0,0,0,0,0,0,20221025 172001
0,0,0,0,0,0,0,0,0,0,0,0,20221025 173001
0,0,0,0,0,0,0,0,0,0,0,0,20221025 174001
0,0,0,0,0,0,0,0,0,0,0,0,20221025 175001
0,0,0,0,0,0,0,0,0,0,0,0,20221025 180001
0,0,0,0,0,0,0,0,0,0,0,0,20221025 181001
0,0,0,0,0,0,0,0,0,0,0,0,20221025 182001
0,0,0,0,0,0,0,0,0,0,0,0,20221025 183001
0,0,0,0,0,0,0,0,0,0,0,0,20221025 184001
0,0,0,0,0,0,0,0,0,0,0,0,20221025 185001
0,0,0,0,0,0,0,0,0,0,0,0,20221025 190001
0,0,0,0,0,0,0,0,0,0,0,0,20221025 191001
0,0,0,0,0,0,0,0,0,0,0,0,20221025 192001
0,0,0,0,0,0,0,0,0,0,0,0,20221025 193001
0,0,0,0,0,0,0,0,0,0,0,0,20221025 194001
0,0,0,0,0,0,0,0,0,0,0,0,20221025 195001
0,0,0,0,0,0,0,0,0,0,0,0,20221025 200001
0,0,0,0,0,0,0,0,0,0,0,0,20221025 201001
0,0,0,0,0,0,0,0,0,0,0,0,20221025 202001
0,0,0,0,0,0,0,0,0,0,0,0,20221025 203001
0,0,0,0,0,0,0,0,0,0,0,0,20221025 204001
0,0,0,0,0,0,0,0,0,0,0,0,20221025 205001
0,0,0,0,0,0,0,0,0,0,0,0,20221025 210001
0,0,0,0,0,0,0,0,0,0,0,0,20221025 211001
0,0,0,0,0,0,0,0,0,0,0,0,20221025 212001
0,0,0,0,0,0,0,0,0,0,0,0,20221025 213001
0,0,0,0,0,0,0,0,0,0,0,0,20221025 214001
0,0,0,0,0,0,0,0,0,0,0,0,20221025 215001
0,0,0,0,0,0,0,0,0,0,0,0,20221025 220001
0,0,0,0,0,0,0,0,0,0,0,0,20221025 221001
0,0,0,0,0,0,0,0,0,0,0,0,20221025 222001
0,0,0,0,0,0,0,0,0,0,0,0,20221025 223001
0,0,0,0,0,0,0,0,0,0,0,0,20221025 224001
0,0,0,0,0,0,0,0,0,0,0,0,20221025 225001
0,0,0,0,0,0,0,0,0,0,0,0,20221025 230001
0,0,0,0,0,0,0,0,0,0,0,0,20221025 231001
0,0,0,0,0,0,0,0,0,0,0,0,20221025 232001
0,0,0,0,0,0,0,0,0,0,0,0,20221025 233001
0,0,0,0,0,0,0,0,0,0,0,0,20221025 234001
0,0,0,0,0,0,0,0,0,0,0,0,20221025 235001
0,0,0,0,0,0,0,0,0,0,0,0,20221026 000001
0,0,0,0,0,0,0,0,0,0,0,0,20221026 001001
0,0,0,0,0,0,0,0,0,0,0,0,20221026 002001
0,0,0,0,0,0,0,0,0,0,0,0,20221026 003001
0,0,0,0,0,0,0,0,0,0,0,0,20221026 004001
0,0,0,0,0,0,0,0,0,0,0,0,20221026 005001
0,0,0,0,0,0,0,0,0,0,0,0,20221026 010001
0,0,0,0,0,0,0,0,0,0,0,0,20221026 011001
0,0,0,0,0,0,0,0,0,0,0,0,20221026 012001
0,0,0,0,0,0,0,0,0,0,0,0,20221026 013001
0,0,0,0,0,0,0,0,0,0,0,0,20221026 014001
0,0,0,0,0,0,0,0,0,0,0,0,20221026 015001
0,0,0,0,0,0,0,0,0,0,0,0,20221026 020001
0,0,0,0,0,0,0,0,0,0,0,0,20221026 021001
0,0,0,0,0,0,0,0,0,0,0,0,20221026 022001
0,0,0,0,0,0,0,0,0,0,0,0,20221026 023001
0,0,0,0,0,0,0,0,0,0,0,0,20221026 024001
0,0,0,0,0,0,0,0,0,0,0,0,20221026 025001
0,0,0,0,0,0,0,0,0,0,0,0,20221026 030001
0,0,0,0,0,0,0,0,0,0,0,0,20221026 031001
0,0,0,0,0,0,0,0,0,0,0,0,20221026 032001
0,0,0,0,0,0,0,0,0,0,0,0,20221026 033001
0,0,0,0,0,0,0,0,0,0,0,0,20221026 034001
0,0,0,0,0,0,0,0,0,0,0,0,20221026 035001
0,0,0,0,0,0,0,0,0,0,0,0,20221026 040001
0,0,0,0,0,0,0,0,0,0,0,0,20221026 041002
0,0,0,0,0,0,0,0,0,0,0,0,20221026 042001
0,0,0,0,0,0,0,0,0,0,0,0,20221026 043001
0,0,0,0,0,0,0,0,0,0,0,0,20221026 044001
0,0,0,0,0,0,0,0,0,0,0,0,20221026 045001
0,0,0,0,0,0,0,0,0,0,0,0,20221026 050001
0,0,0,0,0,0,0,0,0,0,0,0,20221026 051001
0,0,0,0,0,0,0,0,0,0,0,0,20221026 052001
0,0,0,0,0,0,0,0,0,0,0,0,20221026 053001
0,0,0,0,0,0,0,0,0,0,0,0,20221026 054001
0,0,0,0,0,0,0,0,0,0,0,0,20221026 055001
0,0,0,0,0,0,0,0,0,0,0,0,20221026 060001
0,0,0,0,0,0,0,0,0,0,0,0,20221026 061001
0,0,0,0,0,0,0,0,0,0,0,0,20221026 062001
0,0,0,0,0,0,0,0,0,0,0,0,20221026 063001
0,0,0,0,0,0,0,0,0,0,0,0,20221026 064001
0,0,0,0,0,0,0,0,0,0,0,0,20221026 065001
0,0,0,0,0,0,0,0,0,0,0,0,20221026 070001
0,0,0,0,0,0,0,0,0,0,0,0,20221026 071001
0,0,0,0,0,0,0,0,0,0,0,0,20221026 072001
0,0,0,0,0,0,0,0,0,0,0,0,20221026 073001
0,0,0,0,0,0,0,0,0,0,0,0,20221026 074001
0,0,0,0,0,0,0,0,0,0,0,0,20221026 075001
0,0,0,0,0,0,0,0,0,0,0,0,20221026 080001
0,0,0,0,0,0,0,0,0,0,0,0,20221026 081001
0,0,0,0,0,0,0,0,0,0,0,0,20221026 082001
0,0,0,0,0,0,0,0,0,0,0,0,20221026 083001
0,0,0,0,0,0,0,0,0,0,0,0,20221026 084001
0,0,0,0,0,0,0,0,0,0,0,0,20221026 085001
0,0,0,0,0,0,0,0,0,0,0,0,20221026 090001
0,0,0,0,0,0,0,0,0,0,0,0,20221026 091001
0,0,0,0,0,0,0,0,0,0,0,0,20221026 092001
0,0,0,0,0,0,0,0,0,0,0,0,20221026 093001
0,0,0,0,0,0,0,0,0,0,0,0,20221026 094001
0,0,0,0,0,0,0,0,0,0,0,0,20221026 095002
0,0,0,0,0,0,0,0,0,0,0,0,20221026 100001
5,0,0,0,0,0,0,0,0,0,5,5,20221026 101001
5,0,5,5,0,0,5,5,5,5,5,5,20221026 102001
10,0,5,5,0,5,5,5,5,5,20,5,20221026 103001
10,5,5,5,0,10,10,5,5,5,20,5,20221026 104001
10,5,5,5,0,10,10,5,5,5,20,5,20221026 105001
15,5,10,10,0,15,15,5,5,15,40,20,20221026 110001
15,5,10,10,0,15,15,5,5,15,40,20,20221026 111001
15,5,10,10,0,15,15,5,5,15,40,20,20221026 112001
15,5,10,10,0,15,15,5,5,15,40,20,20221026 113001
30,5,15,25,0,30,25,10,5,35,40,20,20221026 114002
30,5,15,25,0,30,25,10,10,35,40,20,20221026 115001
30,5,15,25,0,30,25,10,10,60,40,20,20221026 120001
30,5,15,25,0,30,25,10,10,60,40,20,20221026 121001
5,15,5,30,0,20,15,10,25,65,20,30,20221026 122001
5,15,5,30,0,20,15,10,25,65,20,30,20221026 123001
5,15,5,30,0,20,15,10,25,65,20,30,20221026 124001
5,15,15,25,0,20,15,10,25,65,20,30,20221026 125001
5,15,15,25,0,10,25,10,15,65,5,5,20221026 130001
5,15,15,25,0,10,25,10,15,65,5,5,20221026 131001
5,15,15,25,0,10,25,10,15,65,5,5,20221026 132001
5,15,15,25,0,10,25,10,15,75,5,5,20221026 133001
5,20,5,25,0,10,25,10,15,75,5,5,20221026 134001
5,20,5,25,0,10,25,10,15,75,5,5,20221026 135001
5,20,5,25,0,10,25,10,15,75,5,5,20221026 140001
5,20,5,25,0,10,25,10,15,75,5,5,20221026 141001
5,15,10,40,0,30,20,5,15,50,5,5,20221026 142001
5,15,10,40,0,30,20,5,15,50,5,5,20221026 143001
5,15,10,40,0,30,20,5,15,50,5,5,20221026 144001
5,15,10,40,0,30,20,5,15,50,5,5,20221026 145001
10,15,10,40,0,30,20,5,15,55,0,5,20221026 150001
10,15,15,20,0,20,15,10,5,55,0,10,20221026 151001
10,15,15,20,0,20,15,10,5,55,5,10,20221026 152001
10,15,15,20,0,20,15,10,5,55,5,10,20221026 153001
10,15,15,20,0,20,15,10,5,55,5,10,20221026 154001
10,15,15,20,0,20,15,10,5,35,5,10,20221026 155001
10,15,0,20,0,20,15,10,5,35,5,10,20221026 160001
10,10,0,20,0,20,15,10,5,45,5,10,20221026 161001
10,10,0,35,0,25,5,10,5,45,25,20,20221026 162001
10,10,0,35,0,25,5,10,5,45,25,20,20221026 163001
10,10,0,35,0,25,5,10,5,45,25,20,20221026 164002
10,10,0,35,0,25,5,10,5,45,25,20,20221026 165001
10,10,0,35,0,25,5,10,5,45,25,20,20221026 170001
10,10,0,35,0,25,5,10,5,45,25,20,20221026 171001
10,10,0,35,0,25,5,10,5,45,25,20,20221026 172001
10,10,0,35,0,25,5,10,5,45,25,20,20221026 173001
10,10,0,35,0,25,5,10,5,45,25,20,20221026 174002
10,10,0,35,0,25,5,10,5,45,25,20,20221026 175001
10,10,0,35,0,25,5,10,5,45,25,20,20221026 180001
10,10,0,35,0,25,5,10,5,45,25,20,20221026 181001
10,10,0,35,0,25,5,10,5,45,25,20,20221026 182001
10,10,0,35,0,25,5,10,5,45,25,20,20221026 183001
10,10,0,35,0,25,5,10,5,45,25,20,20221026 184001
10,10,0,35,0,25,5,10,5,45,25,20,20221026 185001
10,10,0,35,0,25,5,10,5,45,25,20,20221026 190001
10,10,0,35,0,25,5,10,5,45,25,20,20221026 191001
10,10,0,35,0,25,5,10,5,45,25,20,20221026 192001
10,10,0,35,0,25,5,10,5,45,25,20,20221026 193001
10,10,0,35,0,25,5,10,5,45,25,20,20221026 194001
10,10,0,35,0,25,5,10,5,45,25,20,20221026 195001
10,10,0,35,0,25,5,10,5,45,25,20,20221026 200001
10,10,0,35,0,25,5,10,5,45,25,20,20221026 201001
10,10,0,35,0,25,5,10,5,45,25,20,20221026 202001
10,10,0,35,0,25,5,10,5,45,25,20,20221026 203001
10,10,0,35,0,25,5,10,5,45,25,20,20221026 204001
10,10,0,35,0,25,5,10,5,45,25,20,20221026 205001
10,10,0,35,0,25,5,10,5,45,25,20,20221026 210001
10,10,0,35,0,25,5,10,5,45,25,20,20221026 211001
10,10,0,35,0,25,5,10,5,45,25,20,20221026 212001
10,10,0,35,0,25,5,10,5,45,25,20,20221026 213001
10,10,0,35,0,25,5,10,5,45,25,20,20221026 214001
10,10,0,35,0,25,5,10,5,45,25,20,20221026 215001
10,10,0,35,0,25,5,10,5,45,25,20,20221026 220001
10,10,0,35,0,25,5,10,5,45,25,20,20221026 221001
10,10,0,35,0,25,5,10,5,45,25,20,20221026 222001
10,10,0,35,0,25,5,10,5,45,25,20,20221026 223002
10,10,0,35,0,25,5,10,5,45,25,20,20221026 224001
10,10,0,35,0,25,5,10,5,45,25,20,20221026 225001
10,10,0,35,0,25,5,10,5,45,25,20,20221026 230001
10,10,0,35,0,25,5,10,5,45,25,20,20221026 231001
10,10,0,35,0,25,5,10,5,45,25,20,20221026 232001
10,10,0,35,0,25,5,10,5,45,25,20,20221026 233001
10,10,0,35,0,25,5,10,5,45,25,20,20221026 234001
10,10,0,35,0,25,5,10,5,45,25,20,20221026 235001
10,10,0,35,0,25,5,10,5,45,25,20,20221027 000001
10,10,0,35,0,25,5,10,5,45,25,20,20221027 001001
10,10,0,35,0,25,5,10,5,45,25,20,20221027 002001
10,10,0,35,0,25,5,10,5,45,25,20,20221027 003001
10,10,0,35,0,25,5,10,5,45,25,20,20221027 004001
10,10,0,35,0,25,5,10,5,45,25,20,20221027 005001
10,10,0,35,0,25,5,10,5,45,25,20,20221027 010001
10,10,0,35,0,25,5,10,5,45,25,20,20221027 011001
10,10,0,35,0,25,5,10,5,45,25,20,20221027 012001
10,10,0,35,0,25,5,10,5,45,25,20,20221027 013002
10,10,0,35,0,25,5,10,5,45,25,20,20221027 014001
10,10,0,35,0,25,5,10,5,45,25,20,20221027 015001
10,10,0,35,0,25,5,10,5,45,25,20,20221027 020001
10,10,0,35,0,25,5,10,5,45,25,20,20221027 021001
10,10,0,35,0,25,5,10,5,45,25,20,20221027 022001
10,10,0,35,0,25,5,10,5,45,25,20,20221027 023001
10,10,0,35,0,25,5,10,5,45,25,20,20221027 024001
10,10,0,35,0,25,5,10,5,45,25,20,20221027 025001
10,10,0,35,0,25,5,10,5,45,25,20,20221027 030001
10,10,0,35,0,25,5,10,5,45,25,20,20221027 031001
10,10,0,35,0,25,5,10,5,45,25,20,20221027 032001
10,10,0,35,0,25,5,10,5,45,25,20,20221027 033001
10,10,0,35,0,25,5,10,5,45,25,20,20221027 034001
10,10,0,35,0,25,5,10,5,45,25,20,20221027 035001
10,10,0,35,0,25,5,10,5,45,25,20,20221027 040002
10,10,0,35,0,25,5,10,5,45,25,20,20221027 041001
10,10,0,35,0,25,5,10,5,45,25,20,20221027 042001
10,10,0,35,0,25,5,10,5,45,25,20,20221027 043001
10,10,0,35,0,25,5,10,5,45,25,20,20221027 044001
10,10,0,35,0,25,5,10,5,45,25,20,20221027 045001
10,10,0,35,0,25,5,10,5,45,25,20,20221027 050001
10,10,0,35,0,25,5,10,5,45,25,20,20221027 051001
10,10,0,35,0,25,5,10,5,45,25,20,20221027 052001
10,10,0,35,0,25,5,10,5,45,25,20,20221027 053001
10,10,0,35,0,25,5,10,5,45,25,20,20221027 054001
10,10,0,35,0,25,5,10,5,45,25,20,20221027 055001
10,10,0,35,0,25,5,10,5,45,25,20,20221027 060002
10,10,0,35,0,25,5,10,5,45,25,20,20221027 061001
10,10,0,35,0,25,5,10,5,45,25,20,20221027 062001
10,10,0,35,0,25,5,10,5,45,25,20,20221027 063001
10,10,0,35,0,25,5,10,5,45,25,20,20221027 064001
10,10,0,35,0,25,5,10,5,45,25,20,20221027 065001
10,10,0,35,0,25,5,10,5,45,25,20,20221027 070002
10,10,0,35,0,25,5,10,5,45,25,20,20221027 071001
10,10,0,35,0,25,5,10,5,45,25,20,20221027 072001
10,10,0,35,0,25,5,10,5,45,25,20,20221027 073001
10,10,0,35,0,25,5,10,5,45,25,20,20221027 074001
10,10,0,35,0,25,5,10,5,45,25,20,20221027 075001
10,10,0,35,0,25,5,10,5,45,25,20,20221027 080001
10,10,0,35,0,25,5,10,5,45,25,20,20221027 081001
10,10,0,35,0,25,5,10,5,45,25,20,20221027 082001
10,10,0,35,0,25,5,10,5,45,25,20,20221027 083001
10,10,0,35,0,25,5,10,5,45,25,20,20221027 084001
10,10,0,35,0,25,5,10,5,45,25,20,20221027 085001
10,10,0,35,0,25,5,10,5,45,25,20,20221027 090001
10,10,0,35,0,25,5,10,5,45,25,20,20221027 091001
10,10,0,35,0,25,5,10,5,45,25,20,20221027 092001
10,10,0,35,0,25,5,10,5,45,25,20,20221027 093001
10,10,0,35,0,25,5,10,5,45,25,20,20221027 094001
10,10,0,35,0,25,5,10,5,45,25,20,20221027 095001
0,0,0,0,0,0,0,0,0,0,0,0,20221027 100001
5,0,0,0,0,0,0,5,0,0,0,5,20221027 101001
5,0,0,0,0,5,0,5,0,0,0,5,20221027 102001
5,0,0,5,0,5,5,5,0,5,15,5,20221027 103001
5,5,0,5,0,5,5,5,0,5,15,5,20221027 104001
5,5,10,5,0,5,5,5,0,5,15,5,20221027 105001
15,5,10,5,0,5,5,5,0,5,15,5,20221027 110001
15,5,20,5,0,15,15,5,5,15,40,5,20221027 111001
15,5,20,5,0,15,15,5,5,15,40,5,20221027 112001
15,5,20,5,0,15,15,5,5,15,40,5,20221027 113001
15,5,20,10,0,25,15,5,10,30,30,5,20221027 114001
15,5,20,10,0,25,15,5,10,30,30,5,20221027 115001
15,5,20,10,0,25,15,5,10,30,30,5,20221027 120001
5,10,10,15,0,25,15,5,5,40,30,5,20221027 121001
5,10,10,15,0,25,15,5,5,40,20,5,20221027 122001
5,10,10,15,0,25,15,5,5,40,20,5,20221027 123001
5,10,10,15,0,25,15,5,5,40,20,5,20221027 124001
5,10,10,15,0,25,15,5,5,40,20,5,20221027 125001
5,10,5,15,0,10,10,5,10,40,20,5,20221027 130001
5,10,5,15,0,10,10,5,10,50,10,5,20221027 131001
5,10,5,15,0,10,10,5,10,50,10,5,20221027 132001
5,15,10,15,0,10,10,5,10,50,10,5,20221027 133001
5,15,10,15,0,10,5,5,15,50,10,5,20221027 134001
5,15,0,15,0,10,5,5,15,50,10,5,20221027 135001
5,15,0,15,0,10,5,5,15,50,10,5,20221027 140001
5,10,10,10,0,10,5,5,15,50,15,5,20221027 141001
5,10,10,10,0,10,5,5,15,50,15,5,20221027 142001
5,10,10,10,0,10,5,5,15,50,15,5,20221027 143001
5,5,20,15,0,10,5,5,15,50,15,5,20221027 144001
5,5,20,15,0,10,5,5,10,50,15,5,20221027 145001
5,5,20,15,0,10,5,5,10,50,15,5,20221027 150001
5,5,20,15,0,10,5,5,0,50,15,5,20221027 151001
5,5,20,10,0,10,5,5,0,25,5,10,20221027 152001
5,5,20,10,0,0,5,5,0,25,5,10,20221027 153001
5,5,20,10,0,10,5,5,0,25,5,10,20221027 154001
5,5,20,10,0,15,5,5,10,25,5,10,20221027 155001
5,5,20,10,0,15,5,5,10,25,5,10,20221027 160001
5,5,20,10,0,15,5,5,5,15,5,10,20221027 161001
5,5,20,10,0,15,5,5,5,15,5,10,20221027 162001
5,5,20,10,0,15,5,5,5,15,5,10,20221027 163001
5,5,20,10,0,5,5,5,5,15,5,10,20221027 164001
5,5,20,10,0,5,5,5,5,15,5,10,20221027 165001
5,5,20,10,0,5,5,5,5,15,5,10,20221027 170001
5,5,20,10,0,5,5,5,5,15,5,10,20221027 171001
0,0,0,0,0,0,0,0,0,0,0,0,20221027 172001
0,0,0,0,0,0,0,0,0,0,0,0,20221027 173001
0,0,0,0,0,0,0,0,0,0,0,0,20221027 174001
0,0,0,0,0,0,0,0,0,0,0,0,20221027 175001
0,0,0,0,0,0,0,0,0,0,0,0,20221027 180001
0,0,0,0,0,0,0,0,0,0,0,0,20221027 181001
0,0,0,0,0,0,0,0,0,0,0,0,20221027 182001
0,0,0,0,0,0,0,0,0,0,0,0,20221027 183001
0,0,0,0,0,0,0,0,0,0,0,0,20221027 184001
0,0,0,0,0,0,0,0,0,0,0,0,20221027 185001
0,0,0,0,0,0,0,0,0,0,0,0,20221027 190001
0,0,0,0,0,0,0,0,0,0,0,0,20221027 191001
0,0,0,0,0,0,0,0,0,0,0,0,20221027 192001
0,0,0,0,0,0,0,0,0,0,0,0,20221027 193001
0,0,0,0,0,0,0,0,0,0,0,0,20221027 194001
0,0,0,0,0,0,0,0,0,0,0,0,20221027 195001
0,0,0,0,0,0,0,0,0,0,0,0,20221027 200002
0,0,0,0,0,0,0,0,0,0,0,0,20221027 201001
0,0,0,0,0,0,0,0,0,0,0,0,20221027 202001
0,0,0,0,0,0,0,0,0,0,0,0,20221027 203001
0,0,0,0,0,0,0,0,0,0,0,0,20221027 204001
0,0,0,0,0,0,0,0,0,0,0,0,20221027 205001
0,0,0,0,0,0,0,0,0,0,0,0,20221027 210001
0,0,0,0,0,0,0,0,0,0,0,0,20221027 211001
0,0,0,0,0,0,0,0,0,0,0,0,20221027 212001
0,0,0,0,0,0,0,0,0,0,0,0,20221027 213001
0,0,0,0,0,0,0,0,0,0,0,0,20221027 214001
0,0,0,0,0,0,0,0,0,0,0,0,20221027 215001
0,0,0,0,0,0,0,0,0,0,0,0,20221027 220002
0,0,0,0,0,0,0,0,0,0,0,0,20221027 221001
0,0,0,0,0,0,0,0,0,0,0,0,20221027 222001
0,0,0,0,0,0,0,0,0,0,0,0,20221027 223001
0,0,0,0,0,0,0,0,0,0,0,0,20221027 224002
0,0,0,0,0,0,0,0,0,0,0,0,20221027 225001
0,0,0,0,0,0,0,0,0,0,0,0,20221027 230001
0,0,0,0,0,0,0,0,0,0,0,0,20221027 231001
0,0,0,0,0,0,0,0,0,0,0,0,20221027 232001
0,0,0,0,0,0,0,0,0,0,0,0,20221027 233001
0,0,0,0,0,0,0,0,0,0,0,0,20221027 234001
0,0,0,0,0,0,0,0,0,0,0,0,20221027 235001
0,0,0,0,0,0,0,0,0,0,0,0,20221028 000001
0,0,0,0,0,0,0,0,0,0,0,0,20221028 001001
0,0,0,0,0,0,0,0,0,0,0,0,20221028 002001
0,0,0,0,0,0,0,0,0,0,0,0,20221028 003001
0,0,0,0,0,0,0,0,0,0,0,0,20221028 004001
0,0,0,0,0,0,0,0,0,0,0,0,20221028 005001
0,0,0,0,0,0,0,0,0,0,0,0,20221028 010001
0,0,0,0,0,0,0,0,0,0,0,0,20221028 011001
0,0,0,0,0,0,0,0,0,0,0,0,20221028 012001
0,0,0,0,0,0,0,0,0,0,0,0,20221028 013001
0,0,0,0,0,0,0,0,0,0,0,0,20221028 014001
0,0,0,0,0,0,0,0,0,0,0,0,20221028 015001
0,0,0,0,0,0,0,0,0,0,0,0,20221028 020001
0,0,0,0,0,0,0,0,0,0,0,0,20221028 021001
0,0,0,0,0,0,0,0,0,0,0,0,20221028 022001
0,0,0,0,0,0,0,0,0,0,0,0,20221028 023001
0,0,0,0,0,0,0,0,0,0,0,0,20221028 024001
0,0,0,0,0,0,0,0,0,0,0,0,20221028 025001
0,0,0,0,0,0,0,0,0,0,0,0,20221028 030001
0,0,0,0,0,0,0,0,0,0,0,0,20221028 031001
0,0,0,0,0,0,0,0,0,0,0,0,20221028 032001
0,0,0,0,0,0,0,0,0,0,0,0,20221028 033001
0,0,0,0,0,0,0,0,0,0,0,0,20221028 034001
0,0,0,0,0,0,0,0,0,0,0,0,20221028 035002
0,0,0,0,0,0,0,0,0,0,0,0,20221028 040001
0,0,0,0,0,0,0,0,0,0,0,0,20221028 041001
0,0,0,0,0,0,0,0,0,0,0,0,20221028 042001
0,0,0,0,0,0,0,0,0,0,0,0,20221028 043001
0,0,0,0,0,0,0,0,0,0,0,0,20221028 044001
0,0,0,0,0,0,0,0,0,0,0,0,20221028 045001
0,0,0,0,0,0,0,0,0,0,0,0,20221028 050001
0,0,0,0,0,0,0,0,0,0,0,0,20221028 051001
0,0,0,0,0,0,0,0,0,0,0,0,20221028 052001
0,0,0,0,0,0,0,0,0,0,0,0,20221028 053001
0,0,0,0,0,0,0,0,0,0,0,0,20221028 054001
0,0,0,0,0,0,0,0,0,0,0,0,20221028 055001
0,0,0,0,0,0,0,0,0,0,0,0,20221028 060001
0,0,0,0,0,0,0,0,0,0,0,0,20221028 061001
0,0,0,0,0,0,0,0,0,0,0,0,20221028 062001
0,0,0,0,0,0,0,0,0,0,0,0,20221028 063001
0,0,0,0,0,0,0,0,0,0,0,0,20221028 064001
0,0,0,0,0,0,0,0,0,0,0,0,20221028 065001
0,0,0,0,0,0,0,0,0,0,0,0,20221028 070001
0,0,0,0,0,0,0,0,0,0,0,0,20221028 071001
0,0,0,0,0,0,0,0,0,0,0,0,20221028 072001
0,0,0,0,0,0,0,0,0,0,0,0,20221028 073001
0,0,0,0,0,0,0,0,0,0,0,0,20221028 074001
0,0,0,0,0,0,0,0,0,0,0,0,20221028 075001
0,0,0,0,0,0,0,0,0,0,0,0,20221028 080001
0,0,0,0,0,0,0,0,0,0,0,0,20221028 081001
0,0,0,0,0,0,0,0,0,0,0,0,20221028 082002
0,0,0,0,0,0,0,0,0,0,0,0,20221028 083001
0,0,0,0,0,0,0,0,0,0,0,0,20221028 084001
0,0,0,0,0,0,0,0,0,0,0,0,20221028 085001
0,0,0,0,0,0,0,0,0,0,0,0,20221028 090001
0,0,0,0,0,0,0,0,0,0,0,0,20221028 091001
0,0,0,0,0,0,0,0,0,0,0,0,20221028 092001
0,0,0,0,0,0,0,0,0,0,0,0,20221028 093001
0,0,0,0,0,0,0,0,0,0,0,0,20221028 094001
0,0,0,0,0,0,0,0,0,0,0,0,20221028 095001
0,0,0,0,0,0,0,0,0,0,0,0,20221028 100001
5,0,5,5,0,0,0,5,0,0,5,5,20221028 101001
5,0,5,5,0,0,5,5,5,0,5,5,20221028 102001
5,0,5,5,0,5,5,5,5,5,5,5,20221028 103001
15,5,10,5,0,5,5,5,5,5,60,5,20221028 104001
15,5,10,5,0,5,5,5,5,5,60,5,20221028 105001
30,5,10,5,0,10,5,5,5,5,60,5,20221028 110001
30,5,5,5,0,20,10,5,5,15,40,5,20221028 111001
30,5,5,5,0,20,10,5,5,15,40,5,20221028 112001
30,5,5,5,0,20,20,5,5,15,40,5,20221028 113001
5,5,5,5,0,25,20,15,10,25,35,5,20221028 114001
5,5,5,5,0,25,20,15,10,25,35,5,20221028 115001
5,5,5,5,0,25,20,15,10,25,35,5,20221028 120001
5,5,5,5,0,25,20,15,10,50,35,5,20221028 121001
5,5,5,5,0,25,20,15,10,50,35,5,20221028 122001
5,10,5,5,0,10,10,5,10,50,5,10,20221028 123001
5,10,5,5,0,10,10,5,10,50,5,10,20221028 124001
5,10,5,5,0,10,10,5,10,50,5,10,20221028 125001
5,10,5,5,0,10,10,5,10,50,5,10,20221028 130001
5,10,5,10,0,5,5,5,15,45,5,5,20221028 131001
5,10,5,10,0,5,5,5,15,45,5,5,20221028 132001
5,10,5,10,0,5,5,5,15,45,5,5,20221028 133001
5,10,5,10,0,5,5,5,15,45,5,5,20221028 134001
5,10,5,10,0,5,5,5,15,45,5,5,20221028 135001
5,10,10,20,0,5,5,5,10,35,5,5,20221028 140001
5,10,10,20,0,5,5,5,10,35,5,5,20221028 141001
5,10,10,20,0,5,5,5,10,35,5,5,20221028 142001
5,10,10,20,0,5,5,5,10,35,5,5,20221028 143001
5,10,10,30,0,15,10,5,10,15,5,10,20221028 144001
5,10,10,30,0,15,10,5,10,15,5,10,20221028 145001
5,10,10,30,0,15,10,5,10,15,5,10,20221028 150001
5,10,10,30,0,15,10,5,10,15,5,10,20221028 151001
5,10,10,30,0,15,10,5,10,15,5,10,20221028 152001
5,10,10,30,0,15,10,5,10,15,5,10,20221028 153001
5,5,15,20,0,10,5,5,5,10,5,10,20221028 154001
5,5,15,20,0,10,5,5,5,10,5,10,20221028 155001
5,5,15,20,0,10,5,5,5,10,5,10,20221028 160001
5,5,15,20,0,10,5,5,5,10,5,10,20221028 161001
5,5,15,20,0,10,5,5,5,10,5,10,20221028 162001
5,5,20,5,0,15,5,5,5,5,5,20,20221028 163001
5,5,20,5,0,15,5,5,5,5,5,20,20221028 164001
5,5,20,5,0,15,5,5,5,5,5,20,20221028 165001
5,5,20,5,0,15,5,5,5,5,5,20,20221028 170001
5,5,20,5,0,15,5,5,5,5,5,20,20221028 171001
0,0,0,0,0,0,0,0,0,0,0,0,20221028 172001
0,0,0,0,0,0,0,0,0,0,0,0,20221028 173001
0,0,0,0,0,0,0,0,0,0,0,0,20221028 174001
0,0,0,0,0,0,0,0,0,0,0,0,20221028 175001
0,0,0,0,0,0,0,0,0,0,0,0,20221028 180001
0,0,0,0,0,0,0,0,0,0,0,0,20221028 181001
0,0,0,0,0,0,0,0,0,0,0,0,20221028 182001
0,0,0,0,0,0,0,0,0,0,0,0,20221028 183001
0,0,0,0,0,0,0,0,0,0,0,0,20221028 184001
0,0,0,0,0,0,0,0,0,0,0,0,20221028 185001
0,0,0,0,0,0,0,0,0,0,0,0,20221028 190001
0,0,0,0,0,0,0,0,0,0,0,0,20221028 191001
0,0,0,0,0,0,0,0,0,0,0,0,20221028 192001
0,0,0,0,0,0,0,0,0,0,0,0,20221028 193001
0,0,0,0,0,0,0,0,0,0,0,0,20221028 194001
0,0,0,0,0,0,0,0,0,0,0,0,20221028 195001
0,0,0,0,0,0,0,0,0,0,0,0,20221028 200001
0,0,0,0,0,0,0,0,0,0,0,0,20221028 201001
0,0,0,0,0,0,0,0,0,0,0,0,20221028 202001
0,0,0,0,0,0,0,0,0,0,0,0,20221028 203001
0,0,0,0,0,0,0,0,0,0,0,0,20221028 204001
0,0,0,0,0,0,0,0,0,0,0,0,20221028 205001
0,0,0,0,0,0,0,0,0,0,0,0,20221028 210001
0,0,0,0,0,0,0,0,0,0,0,0,20221028 211001
0,0,0,0,0,0,0,0,0,0,0,0,20221028 212001
0,0,0,0,0,0,0,0,0,0,0,0,20221028 213001
0,0,0,0,0,0,0,0,0,0,0,0,20221028 214001
0,0,0,0,0,0,0,0,0,0,0,0,20221028 215001
0,0,0,0,0,0,0,0,0,0,0,0,20221028 220001
0,0,0,0,0,0,0,0,0,0,0,0,20221028 221001
0,0,0,0,0,0,0,0,0,0,0,0,20221028 222001
0,0,0,0,0,0,0,0,0,0,0,0,20221028 223001
0,0,0,0,0,0,0,0,0,0,0,0,20221028 224001
0,0,0,0,0,0,0,0,0,0,0,0,20221028 225001
0,0,0,0,0,0,0,0,0,0,0,0,20221028 230001
0,0,0,0,0,0,0,0,0,0,0,0,20221028 231001
0,0,0,0,0,0,0,0,0,0,0,0,20221028 232001
0,0,0,0,0,0,0,0,0,0,0,0,20221028 233001
0,0,0,0,0,0,0,0,0,0,0,0,20221028 234001
0,0,0,0,0,0,0,0,0,0,0,0,20221028 235001
0,0,0,0,0,0,0,0,0,0,0,0,20221029 000001
0,0,0,0,0,0,0,0,0,0,0,0,20221029 001001
0,0,0,0,0,0,0,0,0,0,0,0,20221029 002001
0,0,0,0,0,0,0,0,0,0,0,0,20221029 003001
0,0,0,0,0,0,0,0,0,0,0,0,20221029 004001
0,0,0,0,0,0,0,0,0,0,0,0,20221029 005001
0,0,0,0,0,0,0,0,0,0,0,0,20221029 010001
0,0,0,0,0,0,0,0,0,0,0,0,20221029 011001
0,0,0,0,0,0,0,0,0,0,0,0,20221029 012001
0,0,0,0,0,0,0,0,0,0,0,0,20221029 013001
0,0,0,0,0,0,0,0,0,0,0,0,20221029 014001
0,0,0,0,0,0,0,0,0,0,0,0,20221029 015002
0,0,0,0,0,0,0,0,0,0,0,0,20221029 020001
0,0,0,0,0,0,0,0,0,0,0,0,20221029 021001
0,0,0,0,0,0,0,0,0,0,0,0,20221029 022001
0,0,0,0,0,0,0,0,0,0,0,0,20221029 023001
0,0,0,0,0,0,0,0,0,0,0,0,20221029 024001
0,0,0,0,0,0,0,0,0,0,0,0,20221029 025001
0,0,0,0,0,0,0,0,0,0,0,0,20221029 030001
0,0,0,0,0,0,0,0,0,0,0,0,20221029 031001
0,0,0,0,0,0,0,0,0,0,0,0,20221029 032001
0,0,0,0,0,0,0,0,0,0,0,0,20221029 033001
0,0,0,0,0,0,0,0,0,0,0,0,20221029 034001
0,0,0,0,0,0,0,0,0,0,0,0,20221029 035001
0,0,0,0,0,0,0,0,0,0,0,0,20221029 040001
0,0,0,0,0,0,0,0,0,0,0,0,20221029 041001
0,0,0,0,0,0,0,0,0,0,0,0,20221029 042001
0,0,0,0,0,0,0,0,0,0,0,0,20221029 043001
0,0,0,0,0,0,0,0,0,0,0,0,20221029 044001
0,0,0,0,0,0,0,0,0,0,0,0,20221029 045001
0,0,0,0,0,0,0,0,0,0,0,0,20221029 050001
0,0,0,0,0,0,0,0,0,0,0,0,20221029 051001
0,0,0,0,0,0,0,0,0,0,0,0,20221029 052001
0,0,0,0,0,0,0,0,0,0,0,0,20221029 053001
0,0,0,0,0,0,0,0,0,0,0,0,20221029 054001
0,0,0,0,0,0,0,0,0,0,0,0,20221029 055001
0,0,0,0,0,0,0,0,0,0,0,0,20221029 060001
0,0,0,0,0,0,0,0,0,0,0,0,20221029 061001
0,0,0,0,0,0,0,0,0,0,0,0,20221029 062001
0,0,0,0,0,0,0,0,0,0,0,0,20221029 063001
0,0,0,0,0,0,0,0,0,0,0,0,20221029 064001
0,0,0,0,0,0,0,0,0,0,0,0,20221029 065001
0,0,0,0,0,0,0,0,0,0,0,0,20221029 070001
0,0,0,0,0,0,0,0,0,0,0,0,20221029 071001
0,0,0,0,0,0,0,0,0,0,0,0,20221029 072001
0,0,0,0,0,0,0,0,0,0,0,0,20221029 073001
0,0,0,0,0,0,0,0,0,0,0,0,20221029 074001
0,0,0,0,0,0,0,0,0,0,0,0,20221029 075001
0,0,0,0,0,0,0,0,0,0,0,0,20221029 080001
0,0,0,0,0,0,0,0,0,0,0,0,20221029 081002
0,0,0,0,0,0,0,0,0,0,0,0,20221029 082001
0,0,0,0,0,0,0,0,0,0,0,0,20221029 083001
0,0,0,0,0,0,0,0,0,0,0,0,20221029 084001
0,0,0,0,0,0,0,0,0,0,0,0,20221029 085001
0,0,0,0,0,0,0,0,0,0,0,0,20221029 090001
0,0,0,0,0,0,0,0,0,0,0,0,20221029 091001
0,0,0,0,0,0,0,0,0,0,0,0,20221029 092001
0,0,0,0,0,0,0,0,0,0,0,0,20221029 093001
0,0,0,0,0,0,0,0,0,0,0,0,20221029 094001
0,0,0,0,0,0,0,0,0,0,0,0,20221029 095001
0,0,0,0,0,0,0,0,0,0,0,0,20221029 100001
0,0,5,0,0,0,0,5,0,0,5,0,20221029 101001
0,0,35,0,0,0,5,5,5,5,10,5,20221029 102001
15,0,45,0,0,5,5,5,5,5,50,15,20221029 103001
20,5,55,5,0,30,5,5,5,5,50,15,20221029 104001
20,5,55,5,0,30,5,5,5,5,60,15,20221029 105001
35,5,60,5,0,30,5,5,5,15,60,15,20221029 110001
40,5,60,25,0,30,5,5,5,15,60,15,20221029 111001
40,0,60,25,0,45,10,25,10,25,60,20,20221029 112001
40,0,60,25,0,45,10,25,10,25,60,20,20221029 113001
40,5,60,25,0,45,10,25,10,25,60,20,20221029 114001
40,5,45,40,0,40,15,30,30,25,60,30,20221029 115001
40,25,45,40,0,40,15,30,30,25,60,30,20221029 120001
40,25,45,40,0,40,15,30,30,25,60,30,20221029 121001
45,25,45,45,0,40,15,30,30,0,60,30,20221029 122001
45,25,45,45,0,40,15,35,30,0,60,30,20221029 123001
40,30,50,50,0,50,15,35,50,25,60,40,20221029 124001
40,30,50,50,0,50,15,35,50,0,60,40,20221029 125001
40,40,60,50,0,50,15,35,50,25,60,40,20221029 130001
40,40,60,50,0,50,15,35,50,30,60,40,20221029 131001
40,40,60,50,0,50,15,35,50,30,60,40,20221029 132001
40,40,60,55,0,50,20,35,50,50,60,40,20221029 133001
40,40,60,55,0,50,20,35,50,50,60,40,20221029 134001
40,50,60,60,0,50,20,35,50,50,60,40,20221029 135001
40,50,0,60,0,50,25,30,50,60,60,55,20221029 140001
40,50,60,60,0,50,25,30,50,60,60,55,20221029 141001
40,50,60,60,0,50,25,30,50,60,60,55,20221029 142001
40,40,60,60,0,50,25,30,35,45,60,50,20221029 143001
40,40,60,60,0,50,25,30,35,45,60,50,20221029 144001
40,40,60,60,0,50,25,30,35,45,60,50,20221029 145001
20,40,35,60,0,50,25,30,35,45,60,50,20221029 150002
20,40,35,60,0,50,25,30,0,60,60,70,20221029 151001
20,40,35,60,0,50,25,30,35,60,60,70,20221029 152001
40,40,60,60,0,50,25,30,35,60,60,70,20221029 153001
40,40,60,60,0,50,20,30,35,60,60,70,20221029 154001
40,40,60,60,0,50,20,30,35,60,60,70,20221029 155001
40,40,60,60,0,50,20,30,35,60,60,70,20221029 160001
40,40,70,60,0,50,20,30,35,60,60,70,20221029 161001
40,0,0,60,0,50,15,20,30,0,0,75,20221029 162001
40,0,0,60,0,50,15,20,30,0,0,75,20221029 163001
40,40,70,60,0,50,15,20,30,80,60,75,20221029 164001
40,35,70,60,0,50,30,30,30,80,60,75,20221029 165001
40,35,70,60,0,50,30,30,25,80,60,65,20221029 170001
40,35,0,55,0,40,220,30,25,80,60,65,20221029 171001
40,35,0,55,0,40,20,60,25,50,60,60,20221029 172001
40,35,0,55,0,40,0,60,25,50,60,60,20221029 173001
40,20,70,55,0,50,15,60,30,50,60,55,20221029 174001
40,20,70,55,0,50,15,60,30,50,60,55,20221029 175001
40,20,70,55,0,50,15,60,30,50,60,55,20221029 180001
35,20,0,45,0,50,15,50,15,50,60,55,20221029 181001
35,20,0,45,0,50,15,50,15,50,50,35,20221029 182001
35,20,0,45,0,50,15,50,15,50,50,35,20221029 183001
20,10,0,20,0,45,0,50,15,30,40,35,20221029 184001
20,10,70,20,0,45,0,50,15,30,40,25,20221029 185001
20,10,0,20,0,45,0,50,15,30,40,25,20221029 190001
20,10,70,20,0,45,0,50,15,30,40,20,20221029 191001
25,5,0,25,0,40,0,50,15,30,50,20,20221029 192001
25,5,0,25,0,40,0,50,15,30,50,20,20221029 193001
25,5,60,25,0,40,0,50,15,30,50,20,20221029 194002
20,15,50,25,0,40,0,50,15,30,50,20,20221029 195001
20,15,50,25,0,30,0,20,5,15,35,15,20221029 200001
20,15,50,25,0,30,0,20,5,15,35,15,20221029 201001
20,10,50,20,0,30,0,20,5,15,35,15,20221029 202001
20,10,50,20,0,30,0,20,5,10,45,20,20221029 203001
20,10,50,20,0,30,0,20,5,10,45,20,20221029 204001
20,0,50,0,0,30,0,20,0,0,45,0,20221029 205001
20,0,50,0,0,30,0,20,0,0,45,0,20221029 210001
20,0,50,0,0,30,0,20,0,0,45,0,20221029 211001
0,0,0,0,0,0,0,0,0,0,0,0,20221029 212001
0,0,0,0,0,0,0,0,0,0,0,0,20221029 213001
0,0,0,0,0,0,0,0,0,0,0,0,20221029 214001
0,0,0,0,0,0,0,0,0,0,0,0,20221029 215001
0,0,0,0,0,0,0,0,0,0,0,0,20221029 220001
0,0,0,0,0,0,0,0,0,0,0,0,20221029 221001
0,0,0,0,0,0,0,0,0,0,0,0,20221029 222001
0,0,0,0,0,0,0,0,0,0,0,0,20221029 223001
0,0,0,0,0,0,0,0,0,0,0,0,20221029 224001
0,0,0,0,0,0,0,0,0,0,0,0,20221029 225001
0,0,0,0,0,0,0,0,0,0,0,0,20221030 234001
0,0,0,0,0,0,0,0,0,0,0,0,20221030 235001
0,0,0,0,0,0,0,0,0,0,0,0,20221031 000001
0,0,0,0,0,0,0,0,0,0,0,0,20221031 001001
0,0,0,0,0,0,0,0,0,0,0,0,20221031 002001
0,0,0,0,0,0,0,0,0,0,0,0,20221031 003001
0,0,0,0,0,0,0,0,0,0,0,0,20221031 004001
0,0,0,0,0,0,0,0,0,0,0,0,20221031 005001
0,0,0,0,0,0,0,0,0,0,0,0,20221031 010001
0,0,0,0,0,0,0,0,0,0,0,0,20221031 011001
0,0,0,0,0,0,0,0,0,0,0,0,20221031 012001
0,0,0,0,0,0,0,0,0,0,0,0,20221031 013001
0,0,0,0,0,0,0,0,0,0,0,0,20221031 014001
0,0,0,0,0,0,0,0,0,0,0,0,20221031 015001
0,0,0,0,0,0,0,0,0,0,0,0,20221031 020001
0,0,0,0,0,0,0,0,0,0,0,0,20221031 021001
0,0,0,0,0,0,0,0,0,0,0,0,20221031 022001
0,0,0,0,0,0,0,0,0,0,0,0,20221031 023001
0,0,0,0,0,0,0,0,0,0,0,0,20221031 024001
0,0,0,0,0,0,0,0,0,0,0,0,20221031 025001
0,0,0,0,0,0,0,0,0,0,0,0,20221031 030001
0,0,0,0,0,0,0,0,0,0,0,0,20221031 031001
0,0,0,0,0,0,0,0,0,0,0,0,20221031 032001
0,0,0,0,0,0,0,0,0,0,0,0,20221031 033001
0,0,0,0,0,0,0,0,0,0,0,0,20221031 034001
0,0,0,0,0,0,0,0,0,0,0,0,20221031 035001
0,0,0,0,0,0,0,0,0,0,0,0,20221031 040001
0,0,0,0,0,0,0,0,0,0,0,0,20221031 041001
0,0,0,0,0,0,0,0,0,0,0,0,20221031 042001
0,0,0,0,0,0,0,0,0,0,0,0,20221031 043001
0,0,0,0,0,0,0,0,0,0,0,0,20221031 044001
0,0,0,0,0,0,0,0,0,0,0,0,20221031 045001
0,0,0,0,0,0,0,0,0,0,0,0,20221031 050001
0,0,0,0,0,0,0,0,0,0,0,0,20221031 051001
0,0,0,0,0,0,0,0,0,0,0,0,20221031 052001
0,0,0,0,0,0,0,0,0,0,0,0,20221031 053001
0,0,0,0,0,0,0,0,0,0,0,0,20221031 054001
0,0,0,0,0,0,0,0,0,0,0,0,20221031 055001
0,0,0,0,0,0,0,0,0,0,0,0,20221031 060001
0,0,0,0,0,0,0,0,0,0,0,0,20221031 061001
0,0,0,0,0,0,0,0,0,0,0,0,20221031 062001
0,0,0,0,0,0,0,0,0,0,0,0,20221031 063001
0,0,0,0,0,0,0,0,0,0,0,0,20221031 064001
0,0,0,0,0,0,0,0,0,0,0,0,20221031 065001
0,0,0,0,0,0,0,0,0,0,0,0,20221031 070001
0,0,0,0,0,0,0,0,0,0,0,0,20221031 071001
0,0,0,0,0,0,0,0,0,0,0,0,20221031 072001
0,0,0,0,0,0,0,0,0,0,0,0,20221031 073001
0,0,0,0,0,0,0,0,0,0,0,0,20221031 074001
0,0,0,0,0,0,0,0,0,0,0,0,20221031 075001
0,0,0,0,0,0,0,0,0,0,0,0,20221031 080001
0,0,0,0,0,0,0,0,0,0,0,0,20221031 081001
0,0,0,0,0,0,0,0,0,0,0,0,20221031 082001
0,0,0,0,0,0,0,0,0,0,0,0,20221031 083001
0,0,0,0,0,0,0,0,0,0,0,0,20221031 084001
0,0,0,0,0,0,0,0,0,0,0,0,20221031 085001
0,0,0,0,0,0,0,0,0,0,0,0,20221031 090001
0,0,0,0,0,0,0,0,0,0,0,0,20221031 091001
0,0,0,0,0,0,0,0,0,0,0,0,20221031 092001
0,0,0,0,0,0,0,0,0,0,0,0,20221031 093001
0,0,0,0,0,0,0,0,0,0,0,0,20221031 094001
0,0,0,0,0,0,0,0,0,0,0,0,20221031 095001
0,0,0,0,0,0,0,0,0,0,0,0,20221031 100001
5,0,10,0,0,0,0,0,0,0,0,0,20221031 101001
5,0,10,5,0,0,0,10,0,5,10,0,20221031 102001
5,0,10,5,0,0,5,10,5,5,40,0,20221031 103001
5,0,50,5,0,0,5,10,5,5,40,0,20221031 104001
50,5,50,5,0,0,40,20,15,5,60,0,20221031 105001
50,5,50,5,0,0,40,20,15,20,60,0,20221031 110001
50,5,50,5,0,0,40,20,15,20,60,0,20221031 111001
50,5,50,5,0,0,40,20,30,35,60,20,20221031 112001
60,15,60,45,0,0,40,40,40,45,75,30,20221031 113001
60,15,60,45,0,0,40,40,40,45,75,30,20221031 114001
60,15,60,45,0,0,40,40,40,45,75,30,20221031 115001
60,40,60,50,0,0,40,30,45,65,75,20,20221031 120001
60,40,60,50,0,0,40,30,45,65,75,20,20221031 121002
60,40,60,50,0,0,40,30,45,65,75,20,20221031 122001
50,55,60,50,0,0,40,30,45,65,75,20,20221031 123001
50,55,60,45,0,0,40,40,45,70,90,30,20221031 124001
50,55,60,45,0,0,40,40,45,70,90,30,20221031 125001
50,55,60,45,0,0,40,40,45,70,90,30,20221031 130001
50,55,0,45,0,0,40,40,45,70,90,30,20221031 131001
50,55,60,45,0,0,40,40,45,70,90,30,20221031 132001
50,55,60,45,0,0,40,40,45,70,90,30,20221031 133001
50,55,0,70,0,0,40,40,45,70,90,30,20221031 134001
45,50,70,70,0,0,40,60,45,70,90,30,20221031 135001
45,50,70,70,0,5,40,60,45,70,90,40,20221031 140001
45,50,70,70,0,40,40,60,45,70,90,40,20221031 141001
45,50,70,70,0,40,40,60,45,70,90,40,20221031 142001
45,50,70,70,0,40,40,60,45,70,90,40,20221031 143001
50,45,70,70,0,40,40,60,45,70,90,40,20221031 144001
50,45,70,70,0,40,40,60,45,60,90,35,20221031 145001
50,45,80,70,0,40,40,60,45,60,90,35,20221031 150001
50,45,80,70,0,40,40,60,45,60,90,35,20221031 151001
50,45,80,70,0,40,40,60,45,60,90,35,20221031 152001
50,45,80,70,0,40,40,60,45,60,90,35,20221031 153001
50,45,80,70,0,40,40,60,25,60,90,35,20221031 154001
45,45,80,50,0,55,40,30,30,60,80,40,20221031 155001
45,45,80,50,0,55,40,30,30,60,80,40,20221031 160001
45,45,80,50,0,55,40,30,30,60,80,40,20221031 161001
45,45,0,50,0,55,40,30,30,0,80,40,20221031 162001
45,45,0,50,0,55,40,30,30,0,80,40,20221031 163001
45,45,80,50,0,55,40,30,30,60,80,40,20221031 164001
45,45,80,50,0,55,40,30,30,60,80,40,20221031 165001
45,45,80,50,0,0,40,30,30,60,80,40,20221031 170001
45,30,80,55,0,0,40,60,25,60,80,35,20221031 171001
45,30,80,55,0,65,40,60,25,60,80,35,20221031 172001
45,30,80,55,0,65,0,60,25,60,80,35,20221031 173001
40,20,0,45,0,65,20,30,25,60,80,35,20221031 174001
40,20,80,45,0,65,20,30,25,60,90,35,20221031 175001
40,20,80,45,0,0,20,30,25,60,90,35,20221031 180001
40,20,80,45,0,65,20,30,25,60,90,35,20221031 181001
30,5,80,25,0,65,20,30,25,60,90,35,20221031 182001
30,5,80,25,0,50,20,30,25,50,80,0,20221031 183001
30,5,80,25,0,50,20,30,25,50,80,0,20221031 184001
30,5,80,25,0,50,20,30,20,40,80,20,20221031 185001
0,5,80,25,0,50,20,30,20,40,80,20,20221031 190001
30,5,115,20,0,116,0,20,20,15,60,20,20221031 191001
30,5,106,20,0,105,0,20,20,15,60,20,20221031 192001
30,5,95,20,0,96,0,20,20,15,60,20,20221031 193001
25,5,85,15,0,87,0,20,20,15,45,20,20221031 194001
25,5,75,10,0,76,0,20,10,20,76,10,20221031 195002
25,5,66,10,0,66,0,20,10,20,65,10,20221031 200001
55,5,55,10,0,56,0,20,10,20,54,10,20221031 201001
46,5,45,10,0,47,0,46,10,45,45,46,20221031 202001
36,5,45,36,0,45,0,37,35,36,45,35,20221031 203001
30,30,45,26,0,45,0,25,25,34,45,25,20221031 204002
30,30,45,23,0,45,0,20,18,18,45,16,20221031 205001
30,30,45,10,0,45,0,20,18,8,45,15,20221031 210001
30,30,45,10,0,45,0,20,10,5,45,15,20221031 211001
0,0,0,0,0,0,0,0,0,0,0,0,20221031 212001
0,0,0,0,0,0,0,0,0,0,0,0,20221031 213001
0,0,0,0,0,0,0,0,0,0,0,0,20221031 214001
0,0,0,0,0,0,0,0,0,0,0,0,20221031 215001
0,0,0,0,0,0,0,0,0,0,0,0,20221031 220001
0,0,0,0,0,0,0,0,0,0,0,0,20221031 221001
0,0,0,0,0,0,0,0,0,0,0,0,20221031 222001
0,0,0,0,0,0,0,0,0,0,0,0,20221031 223001
0,0,0,0,0,0,0,0,0,0,0,0,20221031 224001
0,0,0,0,0,0,0,0,0,0,0,0,20221031 225001
0,0,0,0,0,0,0,0,0,0,0,0,20221031 230001
0,0,0,0,0,0,0,0,0,0,0,0,20221031 231001
0,0,0,0,0,0,0,0,0,0,0,0,20221031 232001
0,0,0,0,0,0,0,0,0,0,0,0,20221031 233001
0,0,0,0,0,0,0,0,0,0,0,0,20221031 234001
0,0,0,0,0,0,0,0,0,0,0,0,20221031 235001
0,0,0,0,0,0,0,0,0,0,0,0,20221101 000001
0,0,0,0,0,0,0,0,0,0,0,0,20221101 001001
0,0,0,0,0,0,0,0,0,0,0,0,20221101 002001
0,0,0,0,0,0,0,0,0,0,0,0,20221101 003001
0,0,0,0,0,0,0,0,0,0,0,0,20221101 004001
0,0,0,0,0,0,0,0,0,0,0,0,20221101 005001
0,0,0,0,0,0,0,0,0,0,0,0,20221101 010001
0,0,0,0,0,0,0,0,0,0,0,0,20221101 011001
0,0,0,0,0,0,0,0,0,0,0,0,20221101 012001
0,0,0,0,0,0,0,0,0,0,0,0,20221101 013001
0,0,0,0,0,0,0,0,0,0,0,0,20221101 014001
0,0,0,0,0,0,0,0,0,0,0,0,20221101 015001
0,0,0,0,0,0,0,0,0,0,0,0,20221101 020001
0,0,0,0,0,0,0,0,0,0,0,0,20221101 021001
0,0,0,0,0,0,0,0,0,0,0,0,20221101 022001
0,0,0,0,0,0,0,0,0,0,0,0,20221101 023001
0,0,0,0,0,0,0,0,0,0,0,0,20221101 024001
0,0,0,0,0,0,0,0,0,0,0,0,20221101 025001
0,0,0,0,0,0,0,0,0,0,0,0,20221101 030001
0,0,0,0,0,0,0,0,0,0,0,0,20221101 031001
0,0,0,0,0,0,0,0,0,0,0,0,20221101 032001
0,0,0,0,0,0,0,0,0,0,0,0,20221101 033001
0,0,0,0,0,0,0,0,0,0,0,0,20221101 034001
0,0,0,0,0,0,0,0,0,0,0,0,20221101 035001
0,0,0,0,0,0,0,0,0,0,0,0,20221101 040001
0,0,0,0,0,0,0,0,0,0,0,0,20221101 041001
0,0,0,0,0,0,0,0,0,0,0,0,20221101 042001
0,0,0,0,0,0,0,0,0,0,0,0,20221101 043001
0,0,0,0,0,0,0,0,0,0,0,0,20221101 044001
0,0,0,0,0,0,0,0,0,0,0,0,20221101 045001
0,0,0,0,0,0,0,0,0,0,0,0,20221101 050001
0,0,0,0,0,0,0,0,0,0,0,0,20221101 051001
0,0,0,0,0,0,0,0,0,0,0,0,20221101 052001
0,0,0,0,0,0,0,0,0,0,0,0,20221101 053002
0,0,0,0,0,0,0,0,0,0,0,0,20221101 054001
0,0,0,0,0,0,0,0,0,0,0,0,20221101 055001
0,0,0,0,0,0,0,0,0,0,0,0,20221101 060001
0,0,0,0,0,0,0,0,0,0,0,0,20221101 061001
0,0,0,0,0,0,0,0,0,0,0,0,20221101 062001
0,0,0,0,0,0,0,0,0,0,0,0,20221101 063001
0,0,0,0,0,0,0,0,0,0,0,0,20221101 064001
0,0,0,0,0,0,0,0,0,0,0,0,20221101 065001
0,0,0,0,0,0,0,0,0,0,0,0,20221101 070001
0,0,0,0,0,0,0,0,0,0,0,0,20221101 071001
0,0,0,0,0,0,0,0,0,0,0,0,20221101 072001
0,0,0,0,0,0,0,0,0,0,0,0,20221101 073001
0,0,0,0,0,0,0,0,0,0,0,0,20221101 074001
0,0,0,0,0,0,0,0,0,0,0,0,20221101 075001
0,0,0,0,0,0,0,0,0,0,0,0,20221101 080001
0,0,0,0,0,0,0,0,0,0,0,0,20221101 081001
0,0,0,0,0,0,0,0,0,0,0,0,20221101 082001
0,0,0,0,0,0,0,0,0,0,0,0,20221101 083002
0,0,0,0,0,0,0,0,0,0,0,0,20221101 084001
0,0,0,0,0,0,0,0,0,0,0,0,20221101 085001
0,0,0,0,0,0,0,0,0,0,0,0,20221101 090001
0,0,0,0,0,0,0,0,0,0,0,0,20221101 091001
0,0,0,0,0,0,0,0,0,0,0,0,20221101 092001
0,0,0,0,0,0,0,0,0,0,0,0,20221101 093001
0,0,0,0,0,0,0,0,0,0,0,0,20221101 094001
0,0,0,0,0,0,0,0,0,0,0,0,20221101 095001
0,0,0,0,0,0,0,0,0,0,0,0,20221101 100001
5,0,5,0,0,0,0,0,0,0,5,0,20221101 101001
5,0,5,0,0,0,0,0,0,0,5,0,20221101 102001
30,0,5,5,0,5,5,5,5,5,5,0,20221101 103001
30,0,45,20,0,45,5,5,5,5,0,0,20221101 104001
30,0,45,20,0,45,5,5,5,5,0,0,20221101 105001
30,0,45,20,0,45,5,5,5,5,60,0,20221101 110001
30,5,50,35,0,50,30,35,25,15,0,0,20221101 111001
30,5,50,35,0,50,30,35,25,15,90,0,20221101 112001
30,5,50,35,0,50,30,35,25,30,90,0,20221101 113001
30,5,50,35,0,50,30,35,25,30,90,0,20221101 114001
60,20,50,50,0,55,30,40,25,45,75,0,20221101 115001
60,20,50,50,0,55,30,40,25,45,75,0,20221101 120001
60,20,50,50,0,55,30,40,25,45,75,0,20221101 121001
60,20,60,50,0,60,20,40,25,55,75,0,20221101 122001
60,20,60,50,0,60,20,40,25,55,75,0,20221101 123001
60,20,60,50,0,60,20,40,25,55,75,0,20221101 124001
60,20,60,50,0,60,20,40,25,55,75,0,20221101 125001
50,25,45,50,0,60,20,40,25,55,75,5,20221101 130001
50,25,45,35,0,60,20,30,30,45,75,30,20221101 131001
50,25,45,35,0,60,20,30,30,45,75,30,20221101 132001
25,35,45,30,0,60,15,40,25,55,75,40,20221101 133001
25,35,45,30,0,60,15,40,25,55,75,40,20221101 134001
0,35,45,30,0,60,15,40,25,55,75,40,20221101 135001
0,35,45,30,0,60,15,40,25,55,75,40,20221101 140001
25,35,45,30,0,60,15,40,25,55,75,40,20221101 141001
25,35,45,30,0,60,15,40,25,55,75,40,20221101 142001
25,35,45,30,0,60,15,40,25,55,75,50,20221101 143002
40,35,40,50,0,50,30,40,25,40,75,50,20221101 144001
40,35,40,50,0,50,30,40,25,40,75,50,20221101 145001
40,35,40,50,0,50,30,40,25,40,75,50,20221101 150001
50,25,40,50,0,50,30,40,25,40,75,50,20221101 151001
50,25,55,40,0,50,25,40,25,45,60,50,20221101 152001
50,25,55,40,0,50,25,40,25,45,60,50,20221101 153001
50,25,55,40,0,50,25,40,25,45,60,50,20221101 154001
50,25,55,40,0,50,25,40,25,45,60,50,20221101 155001
50,25,55,40,0,50,25,40,25,45,60,50,20221101 160001
50,20,60,40,0,50,10,40,15,35,60,50,20221101 161001
50,20,60,40,0,50,10,40,15,35,60,50,20221101 162001
50,20,60,40,0,50,10,40,15,35,60,50,20221101 163001
50,20,85,40,0,50,10,40,15,35,84,50,20221101 164001
76,20,75,40,0,50,10,40,15,35,75,75,20221101 165001
30,5,65,66,0,65,10,65,15,65,65,65,20221101 170001
55,5,0,20,0,55,10,55,15,10,60,57,20221101 171001
45,5,0,45,0,50,10,45,45,10,60,50,20221101 172001
35,36,0,35,0,45,36,35,38,35,60,50,20221101 173001
30,25,0,25,0,45,25,30,27,24,60,50,20221101 174001
30,15,0,20,0,45,15,30,16,15,60,50,20221101 175001
6,6,0,6,0,10,6,10,7,6,60,50,20221101 180001
5,5,0,5,0,5,5,10,5,5,25,20,20221101 181001
0,0,0,0,0,0,0,0,0,0,0,0,20221101 182001
0,0,0,0,0,0,0,0,0,0,0,0,20221101 183001
0,0,0,0,0,0,0,0,0,0,0,0,20221101 184001
0,0,0,0,0,0,0,0,0,0,0,0,20221101 185001
0,0,0,0,0,0,0,0,0,0,0,0,20221101 190001
0,0,0,0,0,0,0,0,0,0,0,0,20221101 191001
0,0,0,0,0,0,0,0,0,0,0,0,20221101 192001
0,0,0,0,0,0,0,0,0,0,0,0,20221101 193001
0,0,0,0,0,0,0,0,0,0,0,0,20221101 194001
0,0,0,0,0,0,0,0,0,0,0,0,20221101 195001
0,0,0,0,0,0,0,0,0,0,0,0,20221101 200001
0,0,0,0,0,0,0,0,0,0,0,0,20221101 201001
0,0,0,0,0,0,0,0,0,0,0,0,20221101 202001
0,0,0,0,0,0,0,0,0,0,0,0,20221101 203001
0,0,0,0,0,0,0,0,0,0,0,0,20221101 204001
0,0,0,0,0,0,0,0,0,0,0,0,20221101 205002
0,0,0,0,0,0,0,0,0,0,0,0,20221101 210001
0,0,0,0,0,0,0,0,0,0,0,0,20221101 211001
0,0,0,0,0,0,0,0,0,0,0,0,20221101 212002
0,0,0,0,0,0,0,0,0,0,0,0,20221101 213001
0,0,0,0,0,0,0,0,0,0,0,0,20221101 214001
0,0,0,0,0,0,0,0,0,0,0,0,20221101 215001
0,0,0,0,0,0,0,0,0,0,0,0,20221101 220001
0,0,0,0,0,0,0,0,0,0,0,0,20221101 221001
0,0,0,0,0,0,0,0,0,0,0,0,20221101 222001
0,0,0,0,0,0,0,0,0,0,0,0,20221101 223001
0,0,0,0,0,0,0,0,0,0,0,0,20221101 224001
0,0,0,0,0,0,0,0,0,0,0,0,20221101 225001
0,0,0,0,0,0,0,0,0,0,0,0,20221101 230001
0,0,0,0,0,0,0,0,0,0,0,0,20221101 231001
0,0,0,0,0,0,0,0,0,0,0,0,20221101 232001
0,0,0,0,0,0,0,0,0,0,0,0,20221101 233001
0,0,0,0,0,0,0,0,0,0,0,0,20221101 234001
0,0,0,0,0,0,0,0,0,0,0,0,20221101 235001
0,0,0,0,0,0,0,0,0,0,0,0,20221102 000001
0,0,0,0,0,0,0,0,0,0,0,0,20221102 001001
0,0,0,0,0,0,0,0,0,0,0,0,20221102 002002
0,0,0,0,0,0,0,0,0,0,0,0,20221102 003001
0,0,0,0,0,0,0,0,0,0,0,0,20221102 004001
0,0,0,0,0,0,0,0,0,0,0,0,20221102 005001
0,0,0,0,0,0,0,0,0,0,0,0,20221102 010001
0,0,0,0,0,0,0,0,0,0,0,0,20221102 011001
0,0,0,0,0,0,0,0,0,0,0,0,20221102 012001
0,0,0,0,0,0,0,0,0,0,0,0,20221102 013001
0,0,0,0,0,0,0,0,0,0,0,0,20221102 014002
0,0,0,0,0,0,0,0,0,0,0,0,20221102 015001
0,0,0,0,0,0,0,0,0,0,0,0,20221102 020001
0,0,0,0,0,0,0,0,0,0,0,0,20221102 021001
0,0,0,0,0,0,0,0,0,0,0,0,20221102 022001
0,0,0,0,0,0,0,0,0,0,0,0,20221102 023001
0,0,0,0,0,0,0,0,0,0,0,0,20221102 024001
0,0,0,0,0,0,0,0,0,0,0,0,20221102 025001
0,0,0,0,0,0,0,0,0,0,0,0,20221102 030001
0,0,0,0,0,0,0,0,0,0,0,0,20221102 031001
0,0,0,0,0,0,0,0,0,0,0,0,20221102 032001
0,0,0,0,0,0,0,0,0,0,0,0,20221102 033002
0,0,0,0,0,0,0,0,0,0,0,0,20221102 034001
0,0,0,0,0,0,0,0,0,0,0,0,20221102 035001
0,0,0,0,0,0,0,0,0,0,0,0,20221102 040001
0,0,0,0,0,0,0,0,0,0,0,0,20221102 041001
0,0,0,0,0,0,0,0,0,0,0,0,20221102 042001
0,0,0,0,0,0,0,0,0,0,0,0,20221102 043001
0,0,0,0,0,0,0,0,0,0,0,0,20221102 044001
0,0,0,0,0,0,0,0,0,0,0,0,20221102 045001
0,0,0,0,0,0,0,0,0,0,0,0,20221102 050001
0,0,0,0,0,0,0,0,0,0,0,0,20221102 051001
0,0,0,0,0,0,0,0,0,0,0,0,20221102 052001
0,0,0,0,0,0,0,0,0,0,0,0,20221102 053001
0,0,0,0,0,0,0,0,0,0,0,0,20221102 054001
0,0,0,0,0,0,0,0,0,0,0,0,20221102 055001
0,0,0,0,0,0,0,0,0,0,0,0,20221102 060001
0,0,0,0,0,0,0,0,0,0,0,0,20221102 061001
0,0,0,0,0,0,0,0,0,0,0,0,20221102 062001
0,0,0,0,0,0,0,0,0,0,0,0,20221102 063001
0,0,0,0,0,0,0,0,0,0,0,0,20221102 064001
0,0,0,0,0,0,0,0,0,0,0,0,20221102 065001
0,0,0,0,0,0,0,0,0,0,0,0,20221102 070001
0,0,0,0,0,0,0,0,0,0,0,0,20221102 071001
0,0,0,0,0,0,0,0,0,0,0,0,20221102 072001
0,0,0,0,0,0,0,0,0,0,0,0,20221102 073001
0,0,0,0,0,0,0,0,0,0,0,0,20221102 074001
0,0,0,0,0,0,0,0,0,0,0,0,20221102 075001
0,0,0,0,0,0,0,0,0,0,0,0,20221102 080001
0,0,0,0,0,0,0,0,0,0,0,0,20221102 081001
0,0,0,0,0,0,0,0,0,0,0,0,20221102 082001
0,0,0,0,0,0,0,0,0,0,0,0,20221102 083001
0,0,0,0,0,0,0,0,0,0,0,0,20221102 084001
0,0,0,0,0,0,0,0,0,0,0,0,20221102 085001
0,0,0,0,0,0,0,0,0,0,0,0,20221102 090001
0,0,0,0,0,0,0,0,0,0,0,0,20221102 091001
0,0,0,0,0,0,0,0,0,0,0,0,20221102 092001
0,0,0,0,0,0,0,0,0,0,0,0,20221102 093001
0,0,0,0,0,0,0,0,0,0,0,0,20221102 094001
0,0,0,0,0,0,0,0,0,0,0,0,20221102 095001
0,0,0,0,0,0,0,0,0,0,0,0,20221102 100001
5,0,0,5,0,0,0,0,0,0,5,0,20221102 101001
5,0,30,5,0,0,5,0,5,5,50,0,20221102 102001
40,0,30,5,0,30,5,0,5,5,50,0,20221102 103001
40,5,30,5,0,30,5,5,5,10,50,20,20221102 104001
40,5,45,10,0,40,10,35,15,10,60,20,20221102 105001
40,5,45,10,0,40,10,35,15,10,60,20,20221102 110001
40,25,45,10,0,40,10,35,15,10,60,20,20221102 111001
40,25,45,40,0,60,30,45,35,30,90,35,20221102 112001
40,25,45,40,0,60,30,45,35,30,90,35,20221102 113001
40,25,45,40,0,60,30,45,35,30,90,35,20221102 114001
40,25,45,40,0,60,30,45,35,30,90,35,20221102 115001
50,25,45,40,0,60,30,45,35,30,90,35,20221102 120001
50,25,45,55,0,60,30,60,35,60,90,20,20221102 121001
50,25,45,55,0,60,30,60,35,60,90,20,20221102 122001
50,25,45,55,0,60,30,60,35,60,90,20,20221102 123001
50,25,45,55,0,60,30,60,35,60,90,20,20221102 124001
30,30,45,45,0,60,20,60,35,60,90,20,20221102 125001
30,30,45,45,0,60,20,50,40,75,90,35,20221102 130001
30,30,45,45,0,60,20,50,40,75,90,35,20221102 131001
30,30,45,45,0,60,20,50,40,75,90,35,20221102 132001
40,30,60,25,0,60,30,60,35,75,90,35,20221102 133001
40,30,60,25,0,60,30,60,35,75,75,25,20221102 134002
40,30,60,25,0,60,30,60,35,75,75,25,20221102 135001
40,30,60,25,0,60,30,60,35,75,75,25,20221102 140001
40,30,60,35,0,60,30,60,35,75,75,25,20221102 141001
40,30,60,35,0,60,30,60,35,75,75,25,20221102 142001
40,30,60,35,0,60,30,60,35,75,75,25,20221102 143001
40,30,60,35,0,60,30,60,35,75,75,25,20221102 144002
40,30,60,35,0,60,30,60,35,75,75,25,20221102 145001
40,30,60,35,0,60,30,60,35,75,75,25,20221102 150001
40,30,60,35,0,60,30,60,35,75,75,25,20221102 151001
40,30,60,35,0,60,30,60,35,75,75,25,20221102 152001
30,25,60,40,0,70,20,60,35,75,75,25,20221102 153001
30,25,60,40,0,70,20,45,35,60,75,45,20221102 154001
30,25,60,40,0,70,20,45,35,60,75,45,20221102 155001
30,25,60,40,0,70,20,45,35,60,75,45,20221102 160001
30,25,0,40,0,70,20,45,35,60,75,45,20221102 161001
30,25,0,40,0,70,20,45,35,60,75,45,20221102 162001
40,15,60,45,0,70,20,60,35,60,75,45,20221102 163001
40,15,60,45,0,70,20,60,35,60,75,45,20221102 164001
40,15,60,45,0,70,20,60,35,60,75,45,20221102 165001
40,15,60,45,0,70,20,60,35,60,75,45,20221102 170001
40,15,60,25,0,70,10,50,25,60,75,30,20221102 171001
40,15,60,25,0,70,10,50,25,60,75,30,20221102 172001
40,15,60,25,0,70,10,50,25,60,75,30,20221102 173001
40,15,60,25,0,70,10,50,25,60,75,30,20221102 174002
25,10,50,25,0,70,20,45,20,35,75,20,20221102 175001
25,10,50,25,0,70,20,45,20,35,75,20,20221102 180001
25,10,50,25,0,70,20,45,20,35,75,20,20221102 181001
25,10,50,0,0,70,166,45,20,35,75,20,20221102 182001
25,10,65,25,0,70,156,45,20,35,75,20,20221102 183001
25,10,65,20,0,70,146,45,10,15,60,15,20221102 184001
25,10,65,20,0,70,138,45,10,15,60,15,20221102 185001
25,10,65,20,0,70,127,45,10,15,60,15,20221102 190001
25,10,65,20,0,70,116,45,10,15,60,15,20221102 191001
25,5,60,15,0,60,105,30,10,15,60,10,20221102 192001
25,5,60,15,0,30,95,30,10,15,45,10,20221102 193001
25,5,85,15,0,30,0,30,10,15,45,10,20221102 194001
25,5,76,15,0,30,0,30,10,15,75,10,20221102 195001
25,5,65,15,0,30,0,30,10,15,65,10,20221102 200001
15,5,60,5,0,55,0,56,10,15,58,5,20221102 201001
45,5,60,5,0,45,0,45,10,45,46,5,20221102 202001
35,35,60,35,0,39,0,35,35,35,39,5,20221102 203001
24,25,60,31,0,30,0,25,24,26,35,30,20221102 204001
15,15,60,15,0,30,0,15,17,17,35,17,20221102 205001
5,5,60,9,0,30,0,5,5,5,35,8,20221102 210001
5,5,60,5,0,30,0,5,5,5,35,5,20221102 211001
5,5,60,5,0,30,0,5,5,5,35,5,20221102 212001
0,0,0,0,0,0,0,0,0,0,0,0,20221102 213001
0,0,0,0,0,0,0,0,0,0,0,0,20221102 214001
0,0,0,0,0,0,0,0,0,0,0,0,20221102 215001
0,0,0,0,0,0,0,0,0,0,0,0,20221102 220002
0,0,0,0,0,0,0,0,0,0,0,0,20221102 221001
0,0,0,0,0,0,0,0,0,0,0,0,20221102 222001
0,0,0,0,0,0,0,0,0,0,0,0,20221102 223001
0,0,0,0,0,0,0,0,0,0,0,0,20221102 224001
0,0,0,0,0,0,0,0,0,0,0,0,20221102 225001
0,0,0,0,0,0,0,0,0,0,0,0,20221102 230001
0,0,0,0,0,0,0,0,0,0,0,0,20221102 231001
0,0,0,0,0,0,0,0,0,0,0,0,20221102 232001
0,0,0,0,0,0,0,0,0,0,0,0,20221102 233001
0,0,0,0,0,0,0,0,0,0,0,0,20221102 234001
0,0,0,0,0,0,0,0,0,0,0,0,20221102 235001
0,0,0,0,0,0,0,0,0,0,0,0,20221103 000001
0,0,0,0,0,0,0,0,0,0,0,0,20221103 001001
0,0,0,0,0,0,0,0,0,0,0,0,20221103 002001
0,0,0,0,0,0,0,0,0,0,0,0,20221103 003001
0,0,0,0,0,0,0,0,0,0,0,0,20221103 004001
0,0,0,0,0,0,0,0,0,0,0,0,20221103 005001
0,0,0,0,0,0,0,0,0,0,0,0,20221103 010001
0,0,0,0,0,0,0,0,0,0,0,0,20221103 011002
0,0,0,0,0,0,0,0,0,0,0,0,20221103 012001
0,0,0,0,0,0,0,0,0,0,0,0,20221103 013001
0,0,0,0,0,0,0,0,0,0,0,0,20221103 014001
0,0,0,0,0,0,0,0,0,0,0,0,20221103 015001
0,0,0,0,0,0,0,0,0,0,0,0,20221103 020001
0,0,0,0,0,0,0,0,0,0,0,0,20221103 021001
0,0,0,0,0,0,0,0,0,0,0,0,20221103 022001
0,0,0,0,0,0,0,0,0,0,0,0,20221103 023001
0,0,0,0,0,0,0,0,0,0,0,0,20221103 024001
0,0,0,0,0,0,0,0,0,0,0,0,20221103 025001
0,0,0,0,0,0,0,0,0,0,0,0,20221103 030001
0,0,0,0,0,0,0,0,0,0,0,0,20221103 031001
0,0,0,0,0,0,0,0,0,0,0,0,20221103 032001
0,0,0,0,0,0,0,0,0,0,0,0,20221103 033001
0,0,0,0,0,0,0,0,0,0,0,0,20221103 034001
0,0,0,0,0,0,0,0,0,0,0,0,20221103 035001
0,0,0,0,0,0,0,0,0,0,0,0,20221103 040001
0,0,0,0,0,0,0,0,0,0,0,0,20221103 041001
0,0,0,0,0,0,0,0,0,0,0,0,20221103 042001
0,0,0,0,0,0,0,0,0,0,0,0,20221103 043001
0,0,0,0,0,0,0,0,0,0,0,0,20221103 044001
0,0,0,0,0,0,0,0,0,0,0,0,20221103 045001
0,0,0,0,0,0,0,0,0,0,0,0,20221103 050001
0,0,0,0,0,0,0,0,0,0,0,0,20221103 051001
0,0,0,0,0,0,0,0,0,0,0,0,20221103 052001
0,0,0,0,0,0,0,0,0,0,0,0,20221103 053001
0,0,0,0,0,0,0,0,0,0,0,0,20221103 054001
0,0,0,0,0,0,0,0,0,0,0,0,20221103 055001
0,0,0,0,0,0,0,0,0,0,0,0,20221103 060001
0,0,0,0,0,0,0,0,0,0,0,0,20221103 061001
0,0,0,0,0,0,0,0,0,0,0,0,20221103 062001
0,0,0,0,0,0,0,0,0,0,0,0,20221103 063001
0,0,0,0,0,0,0,0,0,0,0,0,20221103 064001
0,0,0,0,0,0,0,0,0,0,0,0,20221103 065001
0,0,0,0,0,0,0,0,0,0,0,0,20221103 070002
0,0,0,0,0,0,0,0,0,0,0,0,20221103 071001
0,0,0,0,0,0,0,0,0,0,0,0,20221103 072001
0,0,0,0,0,0,0,0,0,0,0,0,20221103 073001
0,0,0,0,0,0,0,0,0,0,0,0,20221103 074001
0,0,0,0,0,0,0,0,0,0,0,0,20221103 075001
0,0,0,0,0,0,0,0,0,0,0,0,20221103 080001
0,0,0,0,0,0,0,0,0,0,0,0,20221103 081001
0,0,0,0,0,0,0,0,0,0,0,0,20221103 082001
0,0,0,0,0,0,0,0,0,0,0,0,20221103 083001
0,0,0,0,0,0,0,0,0,0,0,0,20221103 084001
0,0,0,0,0,0,0,0,0,0,0,0,20221103 085001
0,0,0,0,0,0,0,0,0,0,0,0,20221103 090001
0,0,0,0,0,0,0,0,0,0,0,0,20221103 091001
0,0,0,0,0,0,0,0,0,0,0,0,20221103 092001
0,0,0,0,0,0,0,0,0,0,0,0,20221103 093001
0,0,0,0,0,0,0,0,0,0,0,0,20221103 094001
0,0,0,0,0,0,0,0,0,0,0,0,20221103 095001
0,0,0,0,0,0,0,0,0,0,0,0,20221103 100001
0,0,5,0,0,0,0,5,0,0,0,0,20221103 101001
10,0,45,0,0,0,5,5,5,0,0,5,20221103 102001
10,5,45,5,0,0,5,5,5,5,30,10,20221103 103001
20,5,45,5,0,0,5,5,10,5,30,10,20221103 104001
20,5,45,5,0,0,5,5,10,5,30,10,20221103 105001
20,5,45,5,0,0,5,5,10,5,30,10,20221103 110001
20,10,45,5,0,0,5,5,10,15,30,10,20221103 111001
20,10,45,20,0,5,20,5,20,15,60,10,20221103 112001
20,10,45,20,0,40,20,5,20,15,80,10,20221103 113001
30,10,45,20,0,40,20,5,20,15,80,10,20221103 114001
30,15,30,20,0,40,30,25,15,25,45,10,20221103 115001
30,15,30,20,0,40,30,25,15,25,45,10,20221103 120001
15,10,35,20,0,40,20,25,15,25,40,10,20221103 121001
15,10,35,20,0,40,20,25,15,25,40,10,20221103 122001
5,20,30,20,0,40,20,25,15,25,40,10,20221103 123001
5,20,30,20,0,70,10,20,15,25,40,10,20221103 124001
5,20,30,20,0,70,10,20,15,25,40,10,20221103 125001
5,5,30,20,0,70,10,20,15,25,40,10,20221103 130002
5,5,30,15,0,60,10,15,20,15,30,10,20221103 131001
5,5,30,15,0,60,10,15,20,15,30,10,20221103 132001
5,5,20,10,0,50,15,20,20,15,30,10,20221103 133001
5,5,20,10,0,50,15,20,20,15,30,10,20221103 134001
10,10,35,10,0,60,15,30,15,15,40,10,20221103 135001
10,10,35,10,0,60,15,30,15,15,40,10,20221103 140001
10,10,35,10,0,60,15,30,15,15,40,10,20221103 141001
10,5,35,20,0,50,15,35,15,15,45,10,20221103 142001
10,5,35,20,0,50,15,35,15,15,45,10,20221103 143001
10,5,30,15,0,50,5,30,15,15,45,10,20221103 144001
10,5,30,15,0,50,5,30,15,15,45,10,20221103 145001
10,5,35,20,0,60,5,30,15,10,45,10,20221103 150001
10,5,35,20,0,60,5,30,5,10,35,5,20221103 151001
10,5,35,20,0,60,5,30,5,10,35,5,20221103 152001
10,5,35,20,0,60,5,30,5,10,35,5,20221103 153001
10,5,45,15,0,60,15,30,10,15,40,10,20221103 154001
10,5,45,15,0,60,15,30,10,15,40,10,20221103 155001
10,5,0,15,0,60,15,30,10,15,40,10,20221103 160001
5,5,0,15,0,40,10,30,10,15,40,10,20221103 161001
5,5,50,20,0,40,10,30,10,10,40,10,20221103 162001
5,5,50,20,0,40,10,30,10,10,40,10,20221103 163001
5,5,50,20,0,40,10,30,10,10,40,10,20221103 164001
10,5,40,15,0,25,5,30,5,5,50,10,20221103 165001
10,5,65,15,0,25,5,30,5,5,66,10,20221103 170001
10,5,55,15,0,55,5,55,5,5,55,10,20221103 171001
10,5,45,44,0,44,5,45,0,5,50,10,20221103 172001
35,35,40,0,0,35,35,35,0,36,50,36,20221103 173001
25,0,40,0,0,25,25,30,0,25,40,25,20221103 174001
16,0,0,0,0,0,16,30,0,16,40,16,20221103 175001
10,0,0,0,0,0,6,30,0,6,40,10,20221103 180001
10,0,0,0,0,0,5,30,0,5,40,10,20221103 181001
10,0,0,0,0,0,5,30,0,5,40,10,20221103 182001
10,0,0,0,0,0,5,30,0,5,40,10,20221103 183001
10,0,0,0,0,0,5,30,0,5,40,10,20221103 184001
10,0,0,0,0,0,5,30,0,5,40,10,20221103 185001
10,0,0,0,0,0,5,30,0,5,40,10,20221103 190001
10,0,0,0,0,0,5,30,0,5,40,10,20221103 191001
10,0,0,0,0,0,5,30,0,5,40,10,20221103 192001
10,0,0,0,0,0,5,30,0,5,40,10,20221103 193001
10,0,0,0,0,0,5,30,0,5,40,10,20221103 194001
10,0,0,0,0,0,5,30,0,5,40,10,20221103 195001
10,0,0,0,0,0,5,30,0,5,40,10,20221103 200001
10,0,0,0,0,0,5,30,0,5,40,10,20221103 201001
10,0,0,0,0,0,5,30,0,5,40,10,20221103 202001
10,0,0,0,0,0,5,30,0,5,40,10,20221103 203001
10,0,0,0,0,0,5,30,0,5,40,10,20221103 204001
10,0,0,0,0,0,5,30,0,5,40,10,20221103 205001
10,0,0,0,0,0,5,30,0,5,40,10,20221103 210001
10,0,0,0,0,0,5,30,0,5,40,10,20221103 211001
10,0,0,0,0,0,5,30,0,5,40,10,20221103 212001
10,0,0,0,0,0,5,30,0,5,40,10,20221103 213001
10,0,0,0,0,0,5,30,0,5,40,10,20221103 214001
10,0,0,0,0,0,5,30,0,5,40,10,20221103 215001
10,0,0,0,0,0,5,30,0,5,40,10,20221103 220002
10,0,0,0,0,0,5,30,0,5,40,10,20221103 221001
10,0,0,0,0,0,5,30,0,5,40,10,20221103 222001
10,0,0,0,0,0,5,30,0,5,40,10,20221103 223001
10,0,0,0,0,0,5,30,0,5,40,10,20221103 224001
10,0,0,0,0,0,5,30,0,5,40,10,20221103 225002
10,0,0,0,0,0,5,30,0,5,40,10,20221103 230001
10,0,0,0,0,0,5,30,0,5,40,10,20221103 231001
10,0,0,0,0,0,5,30,0,5,40,10,20221103 232001
10,0,0,0,0,0,5,30,0,5,40,10,20221103 233001
10,0,0,0,0,0,5,30,0,5,40,10,20221103 234001
10,0,0,0,0,0,5,30,0,5,40,10,20221103 235001
10,0,0,0,0,0,5,30,0,5,40,10,20221104 000001
10,0,0,0,0,0,5,30,0,5,40,10,20221104 001001
10,0,0,0,0,0,5,30,0,5,40,10,20221104 002001
10,0,0,0,0,0,5,30,0,5,40,10,20221104 003001
10,0,0,0,0,0,5,30,0,5,40,10,20221104 004001
10,0,0,0,0,0,5,30,0,5,40,10,20221104 005001
10,0,0,0,0,0,5,30,0,5,40,10,20221104 010001
10,0,0,0,0,0,5,30,0,5,40,10,20221104 011002
10,0,0,0,0,0,5,30,0,5,40,10,20221104 012001
10,0,0,0,0,0,5,30,0,5,40,10,20221104 013001
10,0,0,0,0,0,5,30,0,5,40,10,20221104 014001
10,0,0,0,0,0,5,30,0,5,40,10,20221104 015001
10,0,0,0,0,0,5,30,0,5,40,10,20221104 020001
10,0,0,0,0,0,5,30,0,5,40,10,20221104 021001
10,0,0,0,0,0,5,30,0,5,40,10,20221104 022001
10,0,0,0,0,0,5,30,0,5,40,10,20221104 023001
10,0,0,0,0,0,5,30,0,5,40,10,20221104 024002
10,0,0,0,0,0,5,30,0,5,40,10,20221104 025001
10,0,0,0,0,0,5,30,0,5,40,10,20221104 030001
10,0,0,0,0,0,5,30,0,5,40,10,20221104 031001
10,0,0,0,0,0,5,30,0,5,40,10,20221104 032001
10,0,0,0,0,0,5,30,0,5,40,10,20221104 033001
10,0,0,0,0,0,5,30,0,5,40,10,20221104 034001
10,0,0,0,0,0,5,30,0,5,40,10,20221104 035001
10,0,0,0,0,0,5,30,0,5,40,10,20221104 040001
10,0,0,0,0,0,5,30,0,5,40,10,20221104 041001
10,0,0,0,0,0,5,30,0,5,40,10,20221104 042001
10,0,0,0,0,0,5,30,0,5,40,10,20221104 043001
10,0,0,0,0,0,5,30,0,5,40,10,20221104 044001
10,0,0,0,0,0,5,30,0,5,40,10,20221104 045001
10,0,0,0,0,0,5,30,0,5,40,10,20221104 050001
10,0,0,0,0,0,5,30,0,5,40,10,20221104 051001
10,0,0,0,0,0,5,30,0,5,40,10,20221104 052001
10,0,0,0,0,0,5,30,0,5,40,10,20221104 053001
10,0,0,0,0,0,5,30,0,5,40,10,20221104 054001
10,0,0,0,0,0,5,30,0,5,40,10,20221104 055001
10,0,0,0,0,0,5,30,0,5,40,10,20221104 060001
10,0,0,0,0,0,5,30,0,5,40,10,20221104 061001
10,0,0,0,0,0,5,30,0,5,40,10,20221104 062001
10,0,0,0,0,0,5,30,0,5,40,10,20221104 063001
10,0,0,0,0,0,5,30,0,5,40,10,20221104 064001
10,0,0,0,0,0,5,30,0,5,40,10,20221104 065001
10,0,0,0,0,0,5,30,0,5,40,10,20221104 070001
10,0,0,0,0,0,5,30,0,5,40,10,20221104 071001
10,0,0,0,0,0,5,30,0,5,40,10,20221104 072001
10,0,0,0,0,0,5,30,0,5,40,10,20221104 073001
10,0,0,0,0,0,5,30,0,5,40,10,20221104 074001
10,0,0,0,0,0,5,30,0,5,40,10,20221104 075001
10,0,0,0,0,0,5,30,0,5,40,10,20221104 080001
10,0,0,0,0,0,5,30,0,5,40,10,20221104 081001
10,0,0,0,0,0,5,30,0,5,40,10,20221104 082001
10,0,0,0,0,0,5,30,0,5,40,10,20221104 083001
10,0,0,0,0,0,5,30,0,5,40,10,20221104 084001
10,0,0,0,0,0,5,30,0,5,40,10,20221104 085001
10,0,0,0,0,0,5,30,0,5,40,10,20221104 090001
10,0,0,0,0,0,5,30,0,5,40,10,20221104 091001
10,0,0,0,0,0,5,30,0,5,40,10,20221104 092001
0,0,0,0,0,0,0,0,0,0,0,0,20221104 093001
0,0,0,0,0,0,0,0,0,0,0,0,20221104 094001
0,0,0,0,0,0,0,0,0,0,0,0,20221104 095001
0,0,0,0,0,0,0,0,0,0,0,0,20221104 100001
5,0,5,0,0,5,0,0,0,0,0,5,20221104 101001
5,0,5,0,0,5,0,0,0,0,0,5,20221104 102001
20,0,60,5,0,20,0,0,5,5,0,15,20221104 103001
30,0,55,10,0,20,0,0,5,5,0,15,20221104 104001
30,0,55,10,0,40,5,0,10,10,20,15,20221104 105001
30,0,55,10,0,40,5,0,10,10,20,15,20221104 110001
30,0,55,10,0,40,5,5,0,10,20,15,20221104 111001
30,0,55,10,0,40,5,5,0,10,20,15,20221104 112002
30,5,55,10,0,40,5,5,10,10,20,15,20221104 113001
35,10,40,15,0,40,25,25,20,20,40,10,20221104 114001
35,10,40,15,0,40,25,25,20,20,40,10,20221104 115001
20,10,40,15,0,40,25,25,20,20,60,10,20221104 120001
20,10,40,30,0,0,25,25,25,25,60,10,20221104 121001
20,10,40,30,0,0,25,25,25,25,60,10,20221104 122001
20,10,40,30,0,0,25,25,25,25,60,10,20221104 123001
20,15,30,25,0,0,15,35,25,15,40,10,20221104 124001
20,15,30,25,0,0,15,35,25,15,40,5,20221104 125001
20,15,30,25,0,0,15,35,25,15,40,5,20221104 130001
20,15,30,25,0,0,15,35,25,15,40,5,20221104 131001
20,15,30,25,0,0,15,35,25,15,40,5,20221104 132001
20,15,30,25,0,0,15,35,25,15,40,5,20221104 133001
20,15,30,25,0,0,15,35,25,15,40,5,20221104 134001
10,20,30,35,0,0,40,35,25,15,40,5,20221104 135001
10,20,30,35,0,0,40,35,25,20,40,10,20221104 140001
10,20,30,35,0,0,40,35,25,20,40,10,20221104 141001
10,10,30,20,0,0,25,30,30,25,30,15,20221104 142001
10,10,30,20,0,40,25,30,30,25,30,15,20221104 143001
10,10,30,20,0,40,25,30,30,25,30,15,20221104 144001
10,10,30,20,0,40,25,30,30,25,30,15,20221104 145001
10,10,30,20,0,40,25,30,30,25,30,15,20221104 150001
10,10,30,20,0,40,25,30,30,25,30,15,20221104 151001
10,10,45,20,0,40,25,45,30,20,30,15,20221104 152001
10,5,45,20,0,40,25,45,30,20,30,15,20221104 153001
10,5,45,20,0,40,25,45,30,20,30,15,20221104 154001
10,5,45,20,0,40,25,45,30,20,30,15,20221104 155001
15,5,50,20,0,40,25,45,30,20,30,15,20221104 160001
15,5,50,20,0,45,15,45,10,10,45,20,20221104 161001
15,5,50,20,0,45,15,45,10,10,45,20,20221104 162001
15,5,50,20,0,45,15,45,10,10,45,20,20221104 163002
15,5,50,20,0,45,15,45,10,10,45,20,20221104 164001
15,5,50,20,0,45,15,45,10,10,45,20,20221104 165001
5,5,40,20,0,45,15,45,10,10,45,20,20221104 170001
5,5,40,20,0,30,10,30,10,10,30,10,20221104 171001
5,5,40,20,0,30,0,30,10,10,30,10,20221104 172001
5,5,40,20,0,30,10,30,10,10,30,10,20221104 173001
5,5,40,20,0,30,10,30,10,10,30,10,20221104 174001
5,5,40,20,0,30,10,30,10,10,30,10,20221104 175001
5,5,40,20,0,30,10,30,10,10,30,10,20221104 180001
5,5,40,20,0,30,10,30,10,10,30,10,20221104 181001
10,5,40,5,0,35,5,35,5,10,30,0,20221104 182001
10,5,40,5,0,35,156,35,5,10,30,0,20221104 183001
10,5,40,5,0,35,145,0,5,10,30,10,20221104 184001
10,5,40,5,0,35,135,0,5,10,30,10,20221104 185001
5,5,40,5,0,35,126,30,5,10,30,10,20221104 190001
5,5,40,5,0,25,115,30,5,15,25,5,20221104 191001
5,5,40,5,0,25,105,30,5,15,25,5,20221104 192001
5,5,40,5,0,0,0,30,5,15,25,5,20221104 193001
5,5,40,5,0,15,0,30,5,15,25,5,20221104 194001
5,5,30,5,0,10,0,10,5,15,25,5,20221104 195001
0,5,30,5,0,10,0,10,5,15,25,5,20221104 200001
5,5,56,5,0,10,0,10,5,15,55,5,20221104 201001
5,5,45,5,0,10,0,10,5,45,45,5,20221104 202001
36,0,45,0,0,35,0,35,0,0,36,0,20221104 203002
25,0,45,0,0,25,0,25,0,0,25,0,20221104 204001
15,0,45,0,0,16,0,16,0,0,16,0,20221104 205001
5,0,45,0,0,10,0,10,0,0,15,0,20221104 210001
5,0,45,0,0,10,0,10,0,0,15,0,20221104 211001
5,0,45,0,0,10,0,10,0,0,15,0,20221104 212001
5,0,45,0,0,10,0,10,0,0,15,0,20221104 213001
5,0,45,0,0,10,0,10,0,0,15,0,20221104 214001
5,0,45,0,0,10,0,10,0,0,15,0,20221104 215001
5,0,45,0,0,10,0,10,0,0,15,0,20221104 220001
5,0,45,0,0,10,0,10,0,0,15,0,20221104 221001
5,0,45,0,0,10,0,10,0,0,15,0,20221104 222001
5,0,45,0,0,10,0,10,0,0,15,0,20221104 223001
5,0,45,0,0,10,0,10,0,0,15,0,20221104 224001
5,0,45,0,0,10,0,10,0,0,15,0,20221104 225001
5,0,45,0,0,10,0,10,0,0,15,0,20221104 230001
5,0,45,0,0,10,0,10,0,0,15,0,20221104 231001
5,0,45,0,0,10,0,10,0,0,15,0,20221104 232001
5,0,45,0,0,10,0,10,0,0,15,0,20221104 233001
5,0,45,0,0,10,0,10,0,0,15,0,20221104 234001
5,0,45,0,0,10,0,10,0,0,15,0,20221104 235001
5,0,45,0,0,10,0,10,0,0,15,0,20221105 000001
5,0,45,0,0,10,0,10,0,0,15,0,20221105 001001
5,0,45,0,0,10,0,10,0,0,15,0,20221105 002001
5,0,45,0,0,10,0,10,0,0,15,0,20221105 003001
5,0,45,0,0,10,0,10,0,0,15,0,20221105 004001
5,0,45,0,0,10,0,10,0,0,15,0,20221105 005001
5,0,45,0,0,10,0,10,0,0,15,0,20221105 010001
5,0,45,0,0,10,0,10,0,0,15,0,20221105 011001
5,0,45,0,0,10,0,10,0,0,15,0,20221105 012002
5,0,45,0,0,10,0,10,0,0,15,0,20221105 013001
5,0,45,0,0,10,0,10,0,0,15,0,20221105 014001
5,0,45,0,0,10,0,10,0,0,15,0,20221105 015001
5,0,45,0,0,10,0,10,0,0,15,0,20221105 020001
5,0,45,0,0,10,0,10,0,0,15,0,20221105 021001
5,0,45,0,0,10,0,10,0,0,15,0,20221105 022001
5,0,45,0,0,10,0,10,0,0,15,0,20221105 023001
5,0,45,0,0,10,0,10,0,0,15,0,20221105 024001
5,0,45,0,0,10,0,10,0,0,15,0,20221105 025001
5,0,45,0,0,10,0,10,0,0,15,0,20221105 030001
5,0,45,0,0,10,0,10,0,0,15,0,20221105 031001
5,0,45,0,0,10,0,10,0,0,15,0,20221105 032001
5,0,45,0,0,10,0,10,0,0,15,0,20221105 033001
5,0,45,0,0,10,0,10,0,0,15,0,20221105 034001
5,0,45,0,0,10,0,10,0,0,15,0,20221105 035001
5,0,45,0,0,10,0,10,0,0,15,0,20221105 040001
5,0,45,0,0,10,0,10,0,0,15,0,20221105 041001
5,0,45,0,0,10,0,10,0,0,15,0,20221105 042001
5,0,45,0,0,10,0,10,0,0,15,0,20221105 043001
5,0,45,0,0,10,0,10,0,0,15,0,20221105 044002
5,0,45,0,0,10,0,10,0,0,15,0,20221105 045001
5,0,45,0,0,10,0,10,0,0,15,0,20221105 050001
5,0,45,0,0,10,0,10,0,0,15,0,20221105 051001
5,0,45,0,0,10,0,10,0,0,15,0,20221105 052001
5,0,45,0,0,10,0,10,0,0,15,0,20221105 053001
5,0,45,0,0,10,0,10,0,0,15,0,20221105 054001
5,0,45,0,0,10,0,10,0,0,15,0,20221105 055001
5,0,45,0,0,10,0,10,0,0,15,0,20221105 060001
5,0,45,0,0,10,0,10,0,0,15,0,20221105 061001
5,0,45,0,0,10,0,10,0,0,15,0,20221105 062001
5,0,45,0,0,10,0,10,0,0,15,0,20221105 063001
5,0,45,0,0,10,0,10,0,0,15,0,20221105 064001
5,0,45,0,0,10,0,10,0,0,15,0,20221105 065001
5,0,45,0,0,10,0,10,0,0,15,0,20221105 070001
5,0,45,0,0,10,0,10,0,0,15,0,20221105 071001
5,0,45,0,0,10,0,10,0,0,15,0,20221105 072001
5,0,45,0,0,10,0,10,0,0,15,0,20221105 073001
5,0,45,0,0,10,0,10,0,0,15,0,20221105 074001
5,0,45,0,0,10,0,10,0,0,15,0,20221105 075001
5,0,45,0,0,10,0,10,0,0,15,0,20221105 080001
5,0,45,0,0,10,0,10,0,0,15,0,20221105 081001
5,0,45,0,0,10,0,10,0,0,15,0,20221105 082001
5,0,45,0,0,10,0,10,0,0,15,0,20221105 083001
5,0,45,0,0,10,0,10,0,0,15,0,20221105 084001
5,0,45,0,0,10,0,10,0,0,15,0,20221105 085001
5,0,45,0,0,10,0,10,0,0,15,0,20221105 090001
5,0,45,0,0,10,0,10,0,0,15,0,20221105 091001
5,0,45,0,0,10,0,10,0,0,15,0,20221105 092001
5,0,45,0,0,10,0,10,0,0,15,0,20221105 093001
5,0,45,0,0,10,0,10,0,0,15,0,20221105 094001
0,0,0,0,0,0,0,0,0,0,0,0,20221105 095001
0,0,0,0,0,0,0,0,0,0,0,0,20221105 100001
5,0,0,0,0,0,0,0,0,0,5,0,20221105 101002
5,0,0,5,0,0,5,0,0,0,5,0,20221105 102001
25,0,35,5,0,5,5,0,0,0,0,0,20221105 103001
30,5,45,5,0,5,5,30,5,5,0,10,20221105 104002
30,5,45,5,0,40,5,20,5,10,5,15,20221105 105001
30,5,45,5,0,40,5,20,5,10,5,15,20221105 110001
40,10,50,5,0,40,5,20,25,10,5,15,20221105 111001
40,10,50,5,0,60,15,35,30,15,45,5,20221105 112001
40,10,50,5,0,60,15,35,30,15,45,5,20221105 113001
40,10,50,5,0,60,15,35,30,15,45,5,20221105 114001
40,10,50,5,0,60,15,35,30,15,45,5,20221105 115001
40,10,50,5,0,60,15,35,30,15,45,5,20221105 120001
30,15,50,30,0,60,15,35,30,35,45,5,20221105 121001
30,15,50,30,0,60,15,35,30,35,45,5,20221105 122001
30,15,50,30,0,60,15,35,30,35,45,5,20221105 123002
30,15,50,30,0,60,15,35,30,35,45,5,20221105 124001
30,15,50,30,0,60,15,35,30,35,45,5,20221105 125001
30,15,50,30,0,60,15,35,30,35,45,5,20221105 130001
30,15,50,30,0,60,15,35,30,35,45,5,20221105 131001
35,10,50,20,0,60,20,50,30,50,50,10,20221105 132001
35,10,50,20,0,60,20,50,30,50,50,10,20221105 133001
35,10,50,20,0,60,20,50,30,50,50,10,20221105 134001
35,10,50,20,0,60,20,50,30,50,50,10,20221105 135001
35,10,50,20,0,60,20,50,30,50,50,10,20221105 140001
35,10,60,45,0,60,20,50,30,25,55,10,20221105 141001
35,10,60,45,0,60,0,40,30,25,55,10,20221105 142001
35,10,60,45,0,60,20,40,30,25,55,10,20221105 143001
35,10,60,45,0,60,20,40,30,25,55,10,20221105 144001
35,10,0,40,0,60,0,35,20,35,65,10,20221105 145001
35,10,0,40,0,60,20,35,20,35,65,10,20221105 150001
35,10,60,40,0,60,20,35,20,35,65,10,20221105 151001
35,10,60,40,0,60,20,35,20,35,65,10,20221105 152001
35,10,60,40,0,60,20,35,20,35,65,10,20221105 153001
35,10,60,40,0,60,20,35,20,35,65,10,20221105 154001
35,10,60,45,0,60,30,40,25,35,45,15,20221105 155001
35,10,60,45,0,60,30,40,25,35,45,15,20221105 160001
35,10,60,45,0,60,30,40,25,35,45,15,20221105 161001
35,10,60,45,0,60,30,40,25,35,45,15,20221105 162001
35,10,60,45,0,60,30,40,25,35,45,15,20221105 163001
35,15,75,45,0,60,30,40,25,30,45,10,20221105 164001
35,15,75,45,0,60,30,40,25,30,45,10,20221105 165001
35,15,75,45,0,60,30,40,25,30,45,10,20221105 170001
35,15,75,45,0,60,30,40,25,30,45,10,20221105 171001
30,5,75,45,0,60,25,25,25,20,50,10,20221105 172001
30,5,75,45,0,60,25,25,25,20,50,10,20221105 173002
30,5,75,45,0,60,25,25,25,20,50,10,20221105 174001
30,5,75,45,0,60,25,25,25,20,50,10,20221105 175001
30,5,75,45,0,60,25,25,25,20,50,10,20221105 180001
20,5,75,20,0,60,15,20,10,20,90,10,20221105 181001
20,5,75,20,0,60,165,20,10,20,90,10,20221105 182001
20,5,75,20,0,60,155,20,10,20,90,10,20221105 183001
20,5,75,20,0,60,146,20,10,20,90,10,20221105 184001
20,5,75,20,0,60,135,20,10,20,90,10,20221105 185001
15,5,55,5,0,50,125,25,10,20,60,5,20221105 190001
15,5,55,5,0,50,116,25,10,20,60,5,20221105 191001
15,5,45,5,0,35,0,25,10,20,60,5,20221105 192001
15,5,45,5,0,35,0,20,10,10,50,5,20221105 193001
15,5,45,5,0,35,0,20,10,10,50,5,20221105 194001
15,5,76,5,0,30,0,25,5,5,75,5,20221105 195001
15,5,65,5,0,30,0,25,5,5,66,5,20221105 200001
10,5,55,5,0,20,0,56,5,5,57,5,20221105 201001
10,5,46,5,0,46,0,46,5,5,45,5,20221105 202001
36,35,45,35,0,36,0,36,35,36,45,5,20221105 203001
25,25,25,25,0,25,0,25,25,27,24,29,20221105 204001
15,15,25,16,0,20,0,20,17,17,20,20,20221105 205001
10,5,25,5,0,20,0,20,6,6,20,6,20221105 210001
0,0,0,0,0,0,0,0,0,0,0,0,20221105 211001
0,0,0,0,0,0,0,0,0,0,0,0,20221105 212001
0,0,0,0,0,0,0,0,0,0,0,0,20221105 213001
0,0,0,0,0,0,0,0,0,0,0,0,20221105 214001
0,0,0,0,0,0,0,0,0,0,0,0,20221105 215001
0,0,0,0,0,0,0,0,0,0,0,0,20221105 220001
0,0,0,0,0,0,0,0,0,0,0,0,20221105 221001
0,0,0,0,0,0,0,0,0,0,0,0,20221105 222001
0,0,0,0,0,0,0,0,0,0,0,0,20221105 223001
0,0,0,0,0,0,0,0,0,0,0,0,20221105 225001
0,0,0,0,0,0,0,0,0,0,0,0,20221105 230001
0,0,0,0,0,0,0,0,0,0,0,0,20221105 231001
0,0,0,0,0,0,0,0,0,0,0,0,20221105 232001
0,0,0,0,0,0,0,0,0,0,0,0,20221105 233001
0,0,0,0,0,0,0,0,0,0,0,0,20221105 234001
0,0,0,0,0,0,0,0,0,0,0,0,20221105 235001
0,0,0,0,0,0,0,0,0,0,0,0,20221106 000001
0,0,0,0,0,0,0,0,0,0,0,0,20221106 001001
0,0,0,0,0,0,0,0,0,0,0,0,20221106 002001
0,0,0,0,0,0,0,0,0,0,0,0,20221106 003001
0,0,0,0,0,0,0,0,0,0,0,0,20221106 004001
0,0,0,0,0,0,0,0,0,0,0,0,20221106 005001
0,0,0,0,0,0,0,0,0,0,0,0,20221106 010001
0,0,0,0,0,0,0,0,0,0,0,0,20221106 011001
0,0,0,0,0,0,0,0,0,0,0,0,20221106 012001
0,0,0,0,0,0,0,0,0,0,0,0,20221106 013001
0,0,0,0,0,0,0,0,0,0,0,0,20221106 014001
0,0,0,0,0,0,0,0,0,0,0,0,20221106 015001
0,0,0,0,0,0,0,0,0,0,0,0,20221106 020001
0,0,0,0,0,0,0,0,0,0,0,0,20221106 021001
0,0,0,0,0,0,0,0,0,0,0,0,20221106 022001
0,0,0,0,0,0,0,0,0,0,0,0,20221106 023001
0,0,0,0,0,0,0,0,0,0,0,0,20221106 024001
0,0,0,0,0,0,0,0,0,0,0,0,20221106 025001
0,0,0,0,0,0,0,0,0,0,0,0,20221106 030001
0,0,0,0,0,0,0,0,0,0,0,0,20221106 031001
0,0,0,0,0,0,0,0,0,0,0,0,20221106 032001
0,0,0,0,0,0,0,0,0,0,0,0,20221106 033001
0,0,0,0,0,0,0,0,0,0,0,0,20221106 034001
0,0,0,0,0,0,0,0,0,0,0,0,20221106 035001
0,0,0,0,0,0,0,0,0,0,0,0,20221106 040001
0,0,0,0,0,0,0,0,0,0,0,0,20221106 041001
0,0,0,0,0,0,0,0,0,0,0,0,20221106 042001
0,0,0,0,0,0,0,0,0,0,0,0,20221106 043001
0,0,0,0,0,0,0,0,0,0,0,0,20221106 044001
0,0,0,0,0,0,0,0,0,0,0,0,20221106 045001
0,0,0,0,0,0,0,0,0,0,0,0,20221106 050001
0,0,0,0,0,0,0,0,0,0,0,0,20221106 051002
0,0,0,0,0,0,0,0,0,0,0,0,20221106 052001
0,0,0,0,0,0,0,0,0,0,0,0,20221106 053001
0,0,0,0,0,0,0,0,0,0,0,0,20221106 054001
0,0,0,0,0,0,0,0,0,0,0,0,20221106 055001
0,0,0,0,0,0,0,0,0,0,0,0,20221106 060001
0,0,0,0,0,0,0,0,0,0,0,0,20221106 061001
0,0,0,0,0,0,0,0,0,0,0,0,20221106 062001
0,0,0,0,0,0,0,0,0,0,0,0,20221106 063001
0,0,0,0,0,0,0,0,0,0,0,0,20221106 064001
0,0,0,0,0,0,0,0,0,0,0,0,20221106 065001
0,0,0,0,0,0,0,0,0,0,0,0,20221106 070001
0,0,0,0,0,0,0,0,0,0,0,0,20221106 071001
0,0,0,0,0,0,0,0,0,0,0,0,20221106 072001
0,0,0,0,0,0,0,0,0,0,0,0,20221106 073001
0,0,0,0,0,0,0,0,0,0,0,0,20221106 074001
0,0,0,0,0,0,0,0,0,0,0,0,20221106 075001
0,0,0,0,0,0,0,0,0,0,0,0,20221106 080001
0,0,0,0,0,0,0,0,0,0,0,0,20221106 081001
0,0,0,0,0,0,0,0,0,0,0,0,20221106 082001
0,0,0,0,0,0,0,0,0,0,0,0,20221106 083001
0,0,0,0,0,0,0,0,0,0,0,0,20221106 084001
0,0,0,0,0,0,0,0,0,0,0,0,20221106 085001
0,0,0,0,0,0,0,0,0,0,0,0,20221106 090002
0,0,0,0,0,0,0,0,0,0,0,0,20221106 091001
0,0,0,0,0,0,0,0,0,0,0,0,20221106 092001
0,0,0,0,0,0,0,0,0,0,0,0,20221106 093002
0,0,0,0,0,0,0,0,0,0,0,0,20221106 094001
0,0,0,0,0,0,0,0,0,0,0,0,20221106 095001
0,0,0,0,0,0,0,0,0,0,0,0,20221106 100001
0,0,5,0,0,0,0,5,0,0,0,0,20221106 101001
5,0,25,0,0,5,15,5,0,0,5,0,20221106 102001
5,0,25,0,0,5,15,5,5,5,20,0,20221106 103001
5,5,25,5,0,20,15,5,5,5,20,5,20221106 104001
5,5,25,5,0,20,15,5,5,5,20,5,20221106 105001
10,5,25,5,0,0,10,5,5,5,20,5,20221106 110001
10,5,25,5,0,20,10,15,5,5,35,5,20221106 111001
10,5,20,5,0,20,10,15,5,5,35,5,20221106 112001
10,5,20,5,0,20,10,15,5,5,35,5,20221106 113001
5,5,20,5,0,20,10,15,5,5,35,5,20221106 114001
5,10,20,10,0,35,20,15,5,5,35,5,20221106 115001
5,10,20,10,0,35,20,25,15,10,25,5,20221106 120001
5,10,20,10,0,35,20,25,15,10,25,5,20221106 121001
5,10,15,10,0,35,20,25,15,10,25,5,20221106 122002
5,10,15,5,0,20,15,35,15,15,10,5,20221106 123001
5,10,15,5,0,20,15,35,15,15,10,5,20221106 124001
5,10,15,5,0,15,15,35,15,15,10,5,20221106 125001
5,10,15,5,0,10,5,10,10,5,5,5,20221106 130001
5,10,15,5,0,10,5,10,10,5,5,5,20221106 131001
5,10,15,5,0,10,5,10,10,5,5,5,20221106 132001
5,10,15,5,0,20,5,10,10,5,5,5,20221106 133001
5,10,15,5,0,20,5,10,10,5,5,5,20221106 134001
5,10,15,5,0,20,5,10,10,5,5,5,20221106 135002
5,5,20,20,0,40,5,10,5,15,5,5,20221106 140001
5,5,20,20,0,40,5,10,5,15,5,5,20221106 141001
5,5,20,20,0,40,5,10,5,15,5,5,20221106 142001
5,5,20,20,0,40,5,10,5,15,5,5,20221106 143001
5,5,20,20,0,40,5,10,5,15,5,5,20221106 144001
5,5,20,20,0,40,5,10,5,15,5,5,20221106 145001
5,5,20,20,0,40,5,10,5,15,5,5,20221106 150001
5,5,15,20,0,20,5,25,5,5,10,5,20221106 151001
5,5,15,20,0,20,5,25,0,5,10,5,20221106 152001
5,5,15,20,0,20,5,25,0,5,10,5,20221106 153001
5,5,15,20,0,25,5,25,0,5,10,5,20221106 154001
5,5,15,20,0,25,5,25,0,5,10,5,20221106 155001
5,5,15,5,0,20,5,25,5,5,0,5,20221106 160001
5,5,15,5,0,20,5,20,5,5,0,5,20221106 161001
5,5,15,5,0,20,5,20,5,5,10,5,20221106 162001
5,5,15,5,0,20,5,20,5,5,10,5,20221106 163001
5,5,0,5,0,20,5,20,5,5,10,5,20221106 164001
5,5,0,5,0,20,5,20,5,5,10,5,20221106 165001
5,5,15,5,0,20,5,20,5,5,10,5,20221106 170001
5,5,15,5,0,20,5,20,5,5,10,5,20221106 171001
5,5,46,5,0,46,5,5,5,5,10,5,20221106 172001
36,35,35,36,0,35,35,36,35,36,35,36,20221106 173001
25,25,25,25,0,25,26,25,26,25,26,25,20221106 174001
15,15,25,15,0,15,15,15,15,15,15,15,20221106 175001
6,5,25,6,0,15,5,6,5,6,10,6,20221106 180001
